DateTime,SKU,Name,Brand,Average Rating,Rating Count,Sponsered,Price,Sales Price,Express,Rank,Link
2024-11-15 14:57:30,Z32E095072E29850F373DZ,"Generic Trideer Stretching Strap Yoga Strap Physical Therapy for Home Workout, Exercise, Pilates and Gymnastics, 10 Loops Non-Elastic Stretch Bands with Aesthetic Packaging for Women & Men",Generic,None,None,Y,None,31.95,Y,1,"https://www.noon.com/uae-en/trideer-stretching-strap-yoga-strap-physical-therapy-for-home-workout-exercise-pilates-and-gymnastics-10-loops-non-elastic-stretch-bands-with-aesthetic-packaging-for-women-men/Z32E095072E29850F373DZ/p/?o=z32e095072e29850f373dz-1
"
2024-11-15 14:57:30,Z782483A0BC3C5CB0E5B7Z,"HaveDream Women's Yoga Socks, Split Finger Anti-Slip Socks Pilates Socks Five-Toe Sports Socks - Lavender Purple",HaveDream,None,None,Y,28,21,Y,2,"https://www.noon.com/uae-en/women-s-yoga-socks-split-finger-anti-slip-socks-pilates-socks-five-toe-sports-socks-lavender-purple/Z782483A0BC3C5CB0E5B7Z/p/?o=z782483a0bc3c5cb0e5b7z-1
"
2024-11-15 14:57:30,ZFB2FFE6EB2F73115447DZ,"HaveDream Women's Yoga Socks, Split-Toe Non-Slip Socks Pilates Socks Five-Toe Sports Socks - Sakura Pink",HaveDream,None,None,Y,28,21,Y,3,"https://www.noon.com/uae-en/women-s-yoga-socks-split-toe-non-slip-socks-pilates-socks-five-toe-sports-socks-sakura-pink/ZFB2FFE6EB2F73115447DZ/p/?o=zfb2ffe6eb2f73115447dz-1
"
2024-11-15 14:57:30,Z24E1B5B4FDE8BB5C6111Z,"Bernessi 8MM Yoga Mat with Carrying Strap Anti-Slip for Home Workout Exercises Meditation Eco Friendly, Non Skid TPE Yoga Mattres for Pilates 183x61x0.8cm Thick, Pink/Black Color",Bernessi,"4.8
58",58,N,165,69.90,Y,4,"https://www.noon.com/uae-en/8mm-yoga-mat-with-carrying-strap-anti-slip-for-home-workout-exercises-meditation-eco-friendly-non-skid-tpe-yoga-mattres-for-pilates-183x61x0-8cm-thick-pink-black-color/Z24E1B5B4FDE8BB5C6111Z/p/?o=z24e1b5b4fde8bb5c6111z-1
"
2024-11-15 14:57:30,Z8CF3FA558D36FE67901DZ,"ShebSheb 3 Pairs Yoga Socks For Women，Non Slip Socks Pilates Socks For Yoga,Pilates， Ballet, Dance, Workout, Hospital",ShebSheb,"4.8
31",31,N,None,34.90,none,5,"https://www.noon.com/uae-en/3-pairs-yoga-socks-for-women-non-slip-socks-pilates-socks-for-yoga-pilates-ballet-dance-workout-hospital/Z8CF3FA558D36FE67901DZ/p/?o=b9584e1ec566676c
"
2024-11-15 14:57:30,Z670288C6FB154958BEEFZ,"HaveDream Women's Yoga Socks, Split-Toe Non-Slip Socks Pilates Socks Five-Toe Sports Socks - Light Green",HaveDream,None,None,Y,36,21,Y,6,"https://www.noon.com/uae-en/women-s-yoga-socks-split-toe-non-slip-socks-pilates-socks-five-toe-sports-socks-light-green/Z670288C6FB154958BEEFZ/p/?o=z670288c6fb154958beefz-1
"
2024-11-15 14:57:30,Z8F3DCB254E637840C59FZ,VIO Yoga Mat Portable Lightweight Anti Slip Foldable Non Slip Soft Exercise Mat for Pilates Cross Fit Training Dumbbells Gym Workout for Men Women Beginners for Indoor Outdoor Park Balcony Garden,VIO,None,None,Y,39.95,34.95,Y,7,"https://www.noon.com/uae-en/yoga-mat-portable-lightweight-anti-slip-foldable-non-slip-soft-exercise-mat-for-pilates-cross-fit-training-dumbbells-gym-workout-for-men-women-beginners-for-indoor-outdoor-park-balcony-garden/Z8F3DCB254E637840C59FZ/p/?o=z8f3dcb254e637840c59fz-2
"
2024-11-15 14:57:30,Z15D61B8E79FCD0BC2FDCZ,"Teuuea 2 PCS Yoga Cork Block, High Density Non-Slip Natural Cork Yoga Brick, Eco-Friendly Supportive Exercise Accessory, Stability Balance for Yoga Pilates Stretching Toning Workouts, 22.5*14.7*7.5CM",Teuuea,"5.0
1",1,Y,99.95,55.95,Y,8,"https://www.noon.com/uae-en/2-pcs-yoga-cork-block-high-density-non-slip-natural-cork-yoga-brick-eco-friendly-supportive-exercise-accessory-stability-balance-for-yoga-pilates-stretching-toning-workouts-22-5-14-7-7-5cm/Z15D61B8E79FCD0BC2FDCZ/p/?o=z15d61b8e79fcd0bc2fdcz-1
"
2024-11-15 14:57:30,Z5B557BA405F39E1C40DEZ,MahMir MahMir Yoga Mat Anti-Slip Exercise Mat with Carrying Bag Fitness Mat for Pilates 183CM*61CM*6MM Thickness for Woman Man Beginners Pink + Light Grey,MahMir,"4.7
20",20,N,69.95,49.95,Y,9,"https://www.noon.com/uae-en/mahmir-yoga-mat-anti-slip-exercise-mat-with-carrying-bag-fitness-mat-for-pilates-183cm-61cm-6mm-thickness-for-woman-man-beginners-pink-light-grey/Z5B557BA405F39E1C40DEZ/p/?o=z5b557ba405f39e1c40dez-1
"
2024-11-15 14:57:30,N27330175A,Fitness World Anti-Slip Yoga Mat With Carry Strap,Fitness,"4.1
214",214,N,None,38,Y,10,"https://www.noon.com/uae-en/anti-slip-yoga-mat-with-carry-strap/N27330175A/p/?o=f2f2a89d50d79c1a
"
2024-11-15 14:57:30,ZE9BC56837C893BAD2931Z,"RIGID FITNESS Thick Yoga Mat 8mm - Knees Supportive Exercise Mat - for Yoga, Pilates, Fitness Exercises and Home Exercise Fitness Mat - Non-Slip Yoga Gym Mat With Carrying Bag - 183*66cm (Gold/Black)",RIGID,"4.7
56",56,N,130.25,95.50,none,11,"https://www.noon.com/uae-en/thick-yoga-mat-8mm-knees-supportive-exercise-mat-for-yoga-pilates-fitness-exercises-and-home-exercise-fitness-mat-non-slip-yoga-gym-mat-with-carrying-bag-183-66cm-gold-black/ZE9BC56837C893BAD2931Z/p/?o=dadfe5916fa2b71e
"
2024-11-15 14:57:30,Z3859B43C495F32F447DCZ,"Spall Yoga Mat Non Slip,Yoga Mat with Strap Included 10mm Thick Exercise Mat Yoga and Many Other Home Workouts",Spall,"4.3
11",11,N,80,42,Y,12,"https://www.noon.com/uae-en/yoga-mat-non-slip-yoga-mat-with-strap-included-10mm-thick-exercise-mat-yoga-and-many-other-home-workouts/Z3859B43C495F32F447DCZ/p/?o=z3859b43c495f32f447dcz-1
"
2024-11-15 14:57:30,Z4DDA125062C7766547DDZ,MahMir MahMir Yoga Mat Anti-Slip Exercise Mat with Carrying Bag Fitness Mat for Pilates 183CM*61CM*6MM Thickness for Woman Man Beginners ( Purple + Pink),MahMir,"4.5
23",23,N,69.95,49.95,Y,13,"https://www.noon.com/uae-en/mahmir-yoga-mat-anti-slip-exercise-mat-with-carrying-bag-fitness-mat-for-pilates-183cm-61cm-6mm-thickness-for-woman-man-beginners-purple-pink/Z4DDA125062C7766547DDZ/p/?o=z4dda125062c7766547ddz-1
"
2024-11-15 14:57:30,Z549615CC1C4033D14D98Z,"NNEWVANTE Nnewvante Silk Sleep Mask, 2 Pack 100% Real Natural Pure Silk Eye Mask with Adjustable Strap, Eye Mask for Sleeping, Eye Sleep Shade Cover, Blocks Light Reduces Puffy Eyes Gifts",NNEWVANTE,"4.2
4",4,Y,35.95,23.95,Y,14,"https://www.noon.com/uae-en/nnewvante-silk-sleep-mask-2-pack-100-real-natural-pure-silk-eye-mask-with-adjustable-strap-eye-mask-for-sleeping-eye-sleep-shade-cover-blocks-light-reduces-puffy-eyes-gifts/Z549615CC1C4033D14D98Z/p/?o=z549615cc1c4033d14d98z-1
"
2024-11-15 14:57:30,ZE5D7520215AA49D4ED49Z,"TYCOM Tycom Resistance Loop Bands- Resistance Exercise Bands Set Workout Bands Flex bands for Home Fitness, Stretching, Strength Training, Physical Therapy, Yoga",TYCOM,"5.0
1",1,Y,49,28.90,Y,15,"https://www.noon.com/uae-en/tycom-resistance-loop-bands-resistance-exercise-bands-set-workout-bands-flex-bands-for-home-fitness-stretching-strength-training-physical-therapy-yoga/ZE5D7520215AA49D4ED49Z/p/?o=ze5d7520215aa49d4ed49z-1
"
2024-11-15 14:57:30,Z83C8A1AAB21D372A0063Z,MahMir MahMir Yoga Mat Anti Slip Exercise Mat with Carrying Bag Fitness Mat for Pilates 183CMX61CMX6MM Thickness for Woman Man Beginners (Dark Grey + Black),MahMir,"4.5
28",28,N,69.95,49.95,Y,16,"https://www.noon.com/uae-en/mahmir-yoga-mat-anti-slip-exercise-mat-with-carrying-bag-fitness-mat-for-pilates-183cmx61cmx6mm-thickness-for-woman-man-beginners-dark-grey-black/Z83C8A1AAB21D372A0063Z/p/?o=z83c8a1aab21d372a0063z-1
"
2024-11-15 14:57:30,ZB6A26C6FF922D524ABBAZ,MahMir MahMir Yoga Mat Anti-Slip Exercise Mat with Carrying Bag Fitness Mat for Pilates 183CM*61CM*6MM Thickness for Woman Man Beginners  Black+Light Grey,MahMir,"5.0
11",11,N,59.95,49.95,Y,17,"https://www.noon.com/uae-en/mahmir-yoga-mat-anti-slip-exercise-mat-with-carrying-bag-fitness-mat-for-pilates-183cm-61cm-6mm-thickness-for-woman-man-beginners-black-light-grey/ZB6A26C6FF922D524ABBAZ/p/?o=zb6a26c6ff922d524abbaz-1
"
2024-11-15 14:57:30,Z4247101839A17521A8B9Z,"Spall Yoga Mat Non Slip,Yoga Mat with Strap Included 10mm Thick Exercise Mat Yoga and Many Other Home Workouts",Spall,"5.0
4",4,N,80,42,Y,18,"https://www.noon.com/uae-en/yoga-mat-non-slip-yoga-mat-with-strap-included-10mm-thick-exercise-mat-yoga-and-many-other-home-workouts/Z4247101839A17521A8B9Z/p/?o=z4247101839a17521a8b9z-1
"
2024-11-15 14:57:30,Z12C65981DFBC1E6E6666Z,Generic Pilates Yoga Bed Yoga Studio Pilates Core Bed Pilates Training Bed Strength Adjustment Stainless Steel Yoga Training Bed,Generic,None,None,Y,"2,399","1,865",N,19,"https://www.noon.com/uae-en/pilates-yoga-bed-yoga-studio-pilates-core-bed-pilates-training-bed-strength-adjustment-stainless-steel-yoga-training-bed/Z12C65981DFBC1E6E6666Z/p/?o=z12c65981dfbc1e6e6666z-1
"
2024-11-15 14:57:30,Z549615CC1C4033D14D98Z,"NNEWVANTE Nnewvante Silk Sleep Mask, 2 Pack 100% Real Natural Pure Silk Eye Mask with Adjustable Strap, Eye Mask for Sleeping, Eye Sleep Shade Cover, Blocks Light Reduces Puffy Eyes Gifts",NNEWVANTE,"4.2
4",4,N,35.95,23.95,Y,20,"https://www.noon.com/uae-en/nnewvante-silk-sleep-mask-2-pack-100-real-natural-pure-silk-eye-mask-with-adjustable-strap-eye-mask-for-sleeping-eye-sleep-shade-cover-blocks-light-reduces-puffy-eyes-gifts/Z549615CC1C4033D14D98Z/p/?o=z549615cc1c4033d14d98z-1
"
2024-11-15 14:57:30,N20034889A,Generic Anti-Tear Exercise Mat With Carrying Strap,Generic,"4.3
1.5K",1.5K,N,239,31.50,Y,21,"https://www.noon.com/uae-en/anti-tear-exercise-mat-with-carrying-strap/N20034889A/p/?o=f1c5ec42ae8cb85e
"
2024-11-15 14:57:30,Z576A0EBA8EADCC851199Z,"RIGID FITNESS Yoga Mat 6mm with Alignments - Anti-Slip TPE Yoga Mat with Carry Bag - Precision Alignment Lines, Double Colors, Lightweight & Durable for All Fitness Exercises- 183 * 66cm*0.6cm Thick",RIGID,"4.9
17",17,N,96,75.85,Y,22,"https://www.noon.com/uae-en/yoga-mat-6mm-with-alignments-anti-slip-tpe-yoga-mat-with-carry-bag-precision-alignment-lines-double-colors-lightweight-durable-for-all-fitness-exercises-183-66cm-0-6cm-thick/Z576A0EBA8EADCC851199Z/p/?o=z576a0eba8eadcc851199z-1
"
2024-11-15 14:57:30,Z532ED4BF3B873929AEF6Z,Maston Yoga Pilates Ring Fitness Magic Circle Wrap Slimming Body Building Fitness Accessories foamroller,Maston,"5.0
1",1,Y,39,34,Y,23,"https://www.noon.com/uae-en/yoga-pilates-ring-fitness-magic-circle-wrap-slimming-body-building-fitness-accessories-foamroller/Z532ED4BF3B873929AEF6Z/p/?o=z532ed4bf3b873929aef6z-1
"
2024-11-15 14:57:30,ZFC4F2BC1E9DC7B33305BZ,"Qiccijoo Qiccijoo Ankle Weights Set 1 Pair 4kg(8.8lb) Workout Ankle Weights for Women or Men Wrist Leg Weights for Fitness,Running,Walking,2*2kg(4.4lb) - Blue",Qiccijoo,None,None,Y,None,89,Y,24,"https://www.noon.com/uae-en/qiccijoo-ankle-weights-set-1-pair-4kg-8-8lb-workout-ankle-weights-for-women-or-men-wrist-leg-weights-for-fitness-running-walking-2-2kg-4-4lb-blue/ZFC4F2BC1E9DC7B33305BZ/p/?o=zfc4f2bc1e9dc7b33305bz-1
"
2024-11-15 14:57:30,Z6782E4105E2C54A88AD2Z,"LYNLYN 1.5m Resistance Bands for Yoga, Pilates, Strength Training, Elastic Bands for Flexibility, Rehab, Fitness, Ideal for Men & Women (Green)",LYNLYN,None,None,Y,79,29.90,Y,25,"https://www.noon.com/uae-en/1-5m-resistance-bands-for-yoga-pilates-strength-training-elastic-bands-for-flexibility-rehab-fitness-ideal-for-men-women-green/Z6782E4105E2C54A88AD2Z/p/?o=z6782e4105e2c54a88ad2z-1
"
2024-11-15 14:57:30,Z6744CF0C300C15718ECAZ,"GROIC 12 Pack Puzzle Exercise Floor Mat, EVA Foam Mats with Interlocking Floor Tiles, 12'' x 12'' Foam Gym Mat, Protective Flooring Mats Interlocking for Home and Gym Equipment",GROIC,"2.5
6",6,N,200,65.40,none,26,"https://www.noon.com/uae-en/12-pack-puzzle-exercise-floor-mat-eva-foam-mats-with-interlocking-floor-tiles-12-x-12-foam-gym-mat-protective-flooring-mats-interlocking-for-home-and-gym-equipment/Z6744CF0C300C15718ECAZ/p/?o=f234f8274066f18c
"
2024-11-15 14:57:30,Z24E1B5B4FDE8BB5C6111Z,"Bernessi 8MM Yoga Mat with Carrying Strap Anti-Slip for Home Workout Exercises Meditation Eco Friendly, Non Skid TPE Yoga Mattres for Pilates 183x61x0.8cm Thick, Pink/Black Color",Bernessi,"4.8
58",58,Y,165,69.90,Y,27,"https://www.noon.com/uae-en/8mm-yoga-mat-with-carrying-strap-anti-slip-for-home-workout-exercises-meditation-eco-friendly-non-skid-tpe-yoga-mattres-for-pilates-183x61x0-8cm-thick-pink-black-color/Z24E1B5B4FDE8BB5C6111Z/p/?o=z24e1b5b4fde8bb5c6111z-1
"
2024-11-15 14:57:30,N16529616A,body heart Yoga Ball With Air Pump - 65 cm 65cm 65cm,body,"4.3
60",60,N,37,29.90,none,28,"https://www.noon.com/uae-en/yoga-ball-with-air-pump-65-cm-65cm-65cm/N16529616A/p/?o=b74a8c612962fc2f
"
2024-11-15 14:57:30,N16718791A,Pro Hanson Yoga Mat With Carry Strap,Pro,"4.4
527",527,N,35,33.80,Y,29,"https://www.noon.com/uae-en/yoga-mat-with-carry-strap/N16718791A/p/?o=f25de7bd9fb95d5b
"
2024-11-15 14:57:30,Z5BB144BA6576302F7275Z,MahMir MahMir Yoga Mat Anti-Slip Exercise Mat with Carrying Bag Fitness Mat for Pilates 183CM*61CM*6MM Thickness for Woman Man Beginners (Green + Black),MahMir,"4.8
8",8,N,69.95,49.95,Y,30,"https://www.noon.com/uae-en/mahmir-yoga-mat-anti-slip-exercise-mat-with-carrying-bag-fitness-mat-for-pilates-183cm-61cm-6mm-thickness-for-woman-man-beginners-green-black/Z5BB144BA6576302F7275Z/p/?o=z5bb144ba6576302f7275z-1
"
2024-11-15 14:57:30,Z230C9460E2B3F2772EA3Z,"YooA 3-Pair Non-slip Yoga Socks, Cotton Pilates Socks with Straps, Breathable&Moisture-wicking&Machine-washable, Ideal for Yoga/Pilates/Ballet/Dance/Workout (Purple+Black+Grey, Fit Size 36-42)",YooA,"5.0
2",2,N,50,32.80,Y,31,"https://www.noon.com/uae-en/3-pair-non-slip-yoga-socks-cotton-pilates-socks-with-straps-breathable-moisture-wicking-machine-washable-ideal-for-yoga-pilates-ballet-dance-workout-purple-black-grey-fit-size-36-42/Z230C9460E2B3F2772EA3Z/p/?o=z230c9460e2b3f2772ea3z-1
"
2024-11-15 14:57:30,N16718794A,Emfil Anti Skid Yoga Mat,Emfil,"4.5
384",384,N,None,30.05,Y,32,"https://www.noon.com/uae-en/anti-skid-yoga-mat/N16718794A/p/?o=a5c620b3ccf5175a
"
2024-11-15 14:57:30,N34539702A,yoga mat Foldable Non-Slip Yoga Mat,yoga,"4.3
142",142,N,39,37.85,Y,33,"https://www.noon.com/uae-en/foldable-non-slip-yoga-mat/N34539702A/p/?o=e0fa937473a1625d
"
2024-11-15 14:57:30,ZC7C1017CDFCAC890274CZ,MahMir MahMir Yoga Mat Anti-Slip Exercise Mat with Carrying Bag Fitness Mat for Pilates 183CM*61CM*6MM Thickness for Woman Man Beginners  Light Green+Black,MahMir,"4.2
27",27,N,69.95,49.95,N,34,"https://www.noon.com/uae-en/mahmir-yoga-mat-anti-slip-exercise-mat-with-carrying-bag-fitness-mat-for-pilates-183cm-61cm-6mm-thickness-for-woman-man-beginners-light-green-black/ZC7C1017CDFCAC890274CZ/p/?o=zc7c1017cdfcac890274cz-1
"
2024-11-15 14:57:30,ZC4AC12C1B1374B0D96E2Z,Generic Portable Pilates Studio Exercise Stick Kit Yoga Belt，Pilates Bar with Foot Strap for Full Body Workout,Generic,None,None,Y,65,34,Y,35,"https://www.noon.com/uae-en/portable-pilates-studio-exercise-stick-kit-yoga-belt-pilates-bar-with-foot-strap-for-full-body-workout/ZC4AC12C1B1374B0D96E2Z/p/?o=zc4ac12c1b1374b0d96e2z-1
"
2024-11-15 14:57:30,N34539048A,yoga mat Foldable Non-Slip Yoga Mat,yoga,"4.4
74",74,N,32.85,30,N,36,"https://www.noon.com/uae-en/foldable-non-slip-yoga-mat/N34539048A/p/?o=be98d7b45df2fcca
"
2024-11-15 14:57:30,Z212ACDF2F7760CD34A11Z,"Bernessi 8MM Yoga Mat with Carrying Strap Anti-Slip for Home Workout Exercises Meditation Eco Friendly, Non Skid TPE Yoga Mattres for Pilates 183x61x0.8cm Thick, Light Pink / Black Color",Bernessi,"5.0
3",3,N,180,61.25,Y,37,"https://www.noon.com/uae-en/8mm-yoga-mat-with-carrying-strap-anti-slip-for-home-workout-exercises-meditation-eco-friendly-non-skid-tpe-yoga-mattres-for-pilates-183x61x0-8cm-thick-light-pink-black-color/Z212ACDF2F7760CD34A11Z/p/?o=z212acdf2f7760cd34a11z-1
"
2024-11-15 14:57:30,Z806209A62BA1D05C47E5Z,Longchamp Longchamp Le Pliage Original Large Black Tote Bag with Handle for Women L1899089001,Longchamp,None,None,N,None,158.90,N,38,"https://www.noon.com/uae-en/longchamp-le-pliage-original-large-black-tote-bag-with-handle-for-women-l1899089001/Z806209A62BA1D05C47E5Z/p/?o=z806209a62ba1d05c47e5z-1
"
2024-11-15 14:57:30,N26672267A,Bluelans Women Sport Pilates Yoga Non Slip Grip Socks,Bluelans,"4.4
35",35,N,None,25,Y,39,"https://www.noon.com/uae-en/women-sport-pilates-yoga-non-slip-grip-socks/N26672267A/p/?o=dd456edd161415ce
"
2024-11-15 14:57:30,Z28459E600CA113B6F24FZ,"YooA 3-Pair Non-slip Yoga Socks, Cotton Pilates Socks with Straps, Breathable&Moisture-wicking&Machine-washable, Ideal for Yoga/Pilates/Ballet/Dance/Workout (Pink+Black+Grey, Fit Size 36-42)",YooA,"5.0
1",1,N,50,32.80,Y,40,"https://www.noon.com/uae-en/3-pair-non-slip-yoga-socks-cotton-pilates-socks-with-straps-breathable-moisture-wicking-machine-washable-ideal-for-yoga-pilates-ballet-dance-workout-pink-black-grey-fit-size-36-42/Z28459E600CA113B6F24FZ/p/?o=z28459e600ca113b6f24fz-1
"
2024-11-15 14:57:30,Z3E2E257C831381D4E87DZ,"MahMir Mahmir® EVA Foam Roller for Yoga, Deep Tissue Massage, Stretching, Physical Therapy, Relieve Stress, Improve Mobility with Foam Roller for Legs and Muscles - Deep Tissue Massage Tool (Purple)",MahMir,"4.0
3",3,N,None,29.95,none,41,"https://www.noon.com/uae-en/mahmir-eva-foam-roller-for-yoga-deep-tissue-massage-stretching-physical-therapy-relieve-stress-improve-mobility-with-foam-roller-for-legs-and-muscles-deep-tissue-massage-tool-purple/Z3E2E257C831381D4E87DZ/p/?o=d4079efcfcdd6bfe
"
2024-11-15 14:57:30,N49111522A,Kanteen Store Anti Burst Gym Ball 65Cm Fitness Yoga Exercise Home Pregnancy Birthing Ball 65cm,Kanteen,"4.3
62",62,N,31.50,24.15,N,42,"https://www.noon.com/uae-en/anti-burst-gym-ball-65cm-fitness-yoga-exercise-home-pregnancy-birthing-ball-65cm/N49111522A/p/?o=a029b98954f4ac5f
"
2024-11-15 14:57:30,ZBB78D5C43CF34B9706F2Z,"FFA SPORTS Fitness for All FFA SPORTS Extra 10mm Thick Exercise Mat Non Slip with Carrying Strap Ideal for Pilates, Yoga and Many Other Home Workouts",FFA,None,None,Y,50,44,Y,43,"https://www.noon.com/uae-en/ffa-sports-extra-10mm-thick-exercise-mat-non-slip-with-carrying-strap-ideal-for-pilates-yoga-and-many-other-home-workouts/ZBB78D5C43CF34B9706F2Z/p/?o=zbb78d5c43cf34b9706f2z-1
"
2024-11-15 14:57:30,Z0A4AFCE1AF3073FD83C2Z,Cool Baby Style Pilates Dirac Loft Bed Yoga Bed Home Commercial Fitness Equipment,Cool,None,None,Y,"5,299","4,781",N,44,"https://www.noon.com/uae-en/pilates-dirac-loft-bed-yoga-bed-home-commercial-fitness-equipment/Z0A4AFCE1AF3073FD83C2Z/p/?o=z0a4afce1af3073fd83c2z-1
"
2024-11-15 14:57:30,ZE302022BCDD355B5D1DFZ,"FFA SPORTS Fitness for All FFA SPORTS Extra 10mm Thick Exercise Mat Non Slip with Carrying Strap Ideal for Pilates, Yoga and Many Other Home Workouts",FFA,None,None,Y,50,44,Y,45,"https://www.noon.com/uae-en/ffa-sports-extra-10mm-thick-exercise-mat-non-slip-with-carrying-strap-ideal-for-pilates-yoga-and-many-other-home-workouts/ZE302022BCDD355B5D1DFZ/p/?o=ze302022bcdd355b5d1dfz-1
"
2024-11-15 14:57:30,Z54B10CD732976EE884EEZ,"GROIC Yoga Mat Non Slip, Pilates Fitness Mats, Anti-Tear 72""x 31.5"" x 0.6"" Thick Yoga Mats for Women, Exercise Mats for Yoga Pilates Home Floor Workout with Carrying Sling and Storage Bag",GROIC,"4.9
6",6,N,400,123.95,Y,46,"https://www.noon.com/uae-en/yoga-mat-non-slip-pilates-fitness-mats-anti-tear-72-x-31-5-x-0-6-thick-yoga-mats-for-women-exercise-mats-for-yoga-pilates-home-floor-workout-with-carrying-sling-and-storage-bag/Z54B10CD732976EE884EEZ/p/?o=z54b10cd732976ee884eez-1
"
2024-11-15 14:57:30,Z8DE7372A006C4309D78BZ,LIMOS Sports Yoga Socks for Women Pack Of 3 Pairs,LIMOS,"5.0
11",11,N,None,39,none,47,"https://www.noon.com/uae-en/sports-yoga-socks-for-women-pack-of-3-pairs/Z8DE7372A006C4309D78BZ/p/?o=e7de247caff55d2e
"
2024-11-15 14:57:30,N16273364A,Emfil Yoga Mat Blue 62.6cm 62.6cm,Emfil,"4.5
362",362,N,40,36.90,Y,48,"https://www.noon.com/uae-en/yoga-mat-blue-62-6cm-62-6cm/N16273364A/p/?o=f1c2f07384046eef
"
2024-11-15 14:57:30,Z9743C62986EF85F3D7A2Z,"ShebSheb 3 Pairs Yoga Grip Socks For Women，Pilates Anti Slip Socks Non Slip Socks For Pilates,Yoga, Ballet, Dance",ShebSheb,"4.4
17",17,N,None,32.90,none,49,"https://www.noon.com/uae-en/3-pairs-yoga-grip-socks-for-women-pilates-anti-slip-socks-non-slip-socks-for-pilates-yoga-ballet-dance/Z9743C62986EF85F3D7A2Z/p/?o=e0ee101f5d4c5bfa
"
2024-11-15 14:57:30,ZFC2F5FDADFE479BB0DF4Z,"RIGID FITNESS Yoga Mat 6mm with Alignments - Anti-Slip TPE Yoga Mat with Carry Bag - Precision Alignment Lines, Lightweight & Durable for All Fitness Exercises - Thick Training Mat - 183*66cm (Green)",RIGID,"5.0
7",7,N,95,69.75,Y,50,"https://www.noon.com/uae-en/yoga-mat-6mm-with-alignments-anti-slip-tpe-yoga-mat-with-carry-bag-precision-alignment-lines-lightweight-durable-for-all-fitness-exercises-thick-training-mat-183-66cm-green/ZFC2F5FDADFE479BB0DF4Z/p/?o=zfc2f5fdadfe479bb0df4z-1
"
2024-11-15 14:57:30,ZFC4F2BC1E9DC7B33305BZ,"Qiccijoo Qiccijoo Ankle Weights Set 1 Pair 4kg(8.8lb) Workout Ankle Weights for Women or Men Wrist Leg Weights for Fitness,Running,Walking,2*2kg(4.4lb) - Blue",Qiccijoo,None,None,N,None,89,Y,51,"https://www.noon.com/uae-en/qiccijoo-ankle-weights-set-1-pair-4kg-8-8lb-workout-ankle-weights-for-women-or-men-wrist-leg-weights-for-fitness-running-walking-2-2kg-4-4lb-blue/ZFC4F2BC1E9DC7B33305BZ/p/?o=zfc4f2bc1e9dc7b33305bz-1
"
2024-11-15 14:57:30,ZA3EF4D0BF060CAC7F4CDZ,"Spall Yoga Mat Non Slip,Yoga Mat with Strap Included 10mm Thick Exercise Mat Yoga and Many Other Home Workouts",Spall,"5.0
1",1,N,80,42,Y,52,"https://www.noon.com/uae-en/yoga-mat-non-slip-yoga-mat-with-strap-included-10mm-thick-exercise-mat-yoga-and-many-other-home-workouts/ZA3EF4D0BF060CAC7F4CDZ/p/?o=za3ef4d0bf060cac7f4cdz-1
"
2024-11-15 14:57:30,Z6FC94A5DBD1A7D980F19Z,MahMir MahMir Yoga Mat Anti-Slip Exercise Mat with Carrying Bag Fitness Mat for Pilates 183CM*61CM*6MM Thickness for Woman Man Beginners (Dark Blue + Light Blue),MahMir,"4.4
24",24,N,69.95,49,Y,53,"https://www.noon.com/uae-en/mahmir-yoga-mat-anti-slip-exercise-mat-with-carrying-bag-fitness-mat-for-pilates-183cm-61cm-6mm-thickness-for-woman-man-beginners-dark-blue-light-blue/Z6FC94A5DBD1A7D980F19Z/p/?o=z6fc94a5dbd1a7d980f19z-1
"
2024-11-15 14:57:30,Z15D61B8E79FCD0BC2FDCZ,"Teuuea 2 PCS Yoga Cork Block, High Density Non-Slip Natural Cork Yoga Brick, Eco-Friendly Supportive Exercise Accessory, Stability Balance for Yoga Pilates Stretching Toning Workouts, 22.5*14.7*7.5CM",Teuuea,"5.0
1",1,N,99.95,55.95,Y,54,"https://www.noon.com/uae-en/2-pcs-yoga-cork-block-high-density-non-slip-natural-cork-yoga-brick-eco-friendly-supportive-exercise-accessory-stability-balance-for-yoga-pilates-stretching-toning-workouts-22-5-14-7-7-5cm/Z15D61B8E79FCD0BC2FDCZ/p/?o=z15d61b8e79fcd0bc2fdcz-1
"
2024-11-15 14:57:30,ZB6E61CE23B29DAF85955Z,"MahMir MahMir® Yoga Cork Block – Supportive, Sustainable Cork with Non-Slip Surface, Exercise Accessory for Yoga, Pilates, and General Fitness, Natural Cork Blocks Size 9""x6""x3"" (2pcs pack)",MahMir,"4.7
4",4,N,69.95,59.95,none,55,"https://www.noon.com/uae-en/mahmir-yoga-cork-block-supportive-sustainable-cork-with-non-slip-surface-exercise-accessory-for-yoga-pilates-and-general-fitness-natural-cork-blocks-size-9-x6-x3-2pcs-pack/ZB6E61CE23B29DAF85955Z/p/?o=fae71ce02e9b7d0e
"
2024-11-15 14:57:30,ZAD955A6E63B552CF2087Z,"RIGID FITNESS Microfiber Quick Dry Towels - Silver Ion Technology Towel, Super Absorbent Gym Towel - Ideal Sweat Towel for Fitness, Camping, Travel - Suitable for Men & Women - 77x40cm (Set of 3)",RIGID,"4.5
8",8,N,76,64.75,none,56,"https://www.noon.com/uae-en/microfiber-quick-dry-towels-silver-ion-technology-towel-super-absorbent-gym-towel-ideal-sweat-towel-for-fitness-camping-travel-suitable-for-men-women-77x40cm-set-of-3/ZAD955A6E63B552CF2087Z/p/?o=d824eec06093747d
"
2024-11-15 14:57:30,Z0BBD9C7C83B7E8DF4FD6Z,"RIGID FITNESS Microfiber Gym Towel - Face Towel, Yoga Towel - Quick Dry & High Absorbent Sweat Towel For Gym Exercises and Outdoor - Thick 400Gsm - 75x35cm-Grey",RIGID,"4.1
20",20,N,None,45.75,none,57,"https://www.noon.com/uae-en/microfiber-gym-towel-face-towel-yoga-towel-quick-dry-high-absorbent-sweat-towel-for-gym-exercises-and-outdoor-thick-400gsm-75x35cm-grey/Z0BBD9C7C83B7E8DF4FD6Z/p/?o=f433e986d29277cf
"
2024-11-15 14:57:30,Z8F3CCD36722268B4DBE6Z,"Spall Yoga Mat Non Slip,Yoga Mat with Strap Included 10mm Thick Exercise Mat Yoga and Many Other Home Workouts",Spall,"5.0
3",3,N,80,42,Y,58,"https://www.noon.com/uae-en/yoga-mat-non-slip-yoga-mat-with-strap-included-10mm-thick-exercise-mat-yoga-and-many-other-home-workouts/Z8F3CCD36722268B4DBE6Z/p/?o=z8f3ccd36722268b4dbe6z-1
"
2024-11-15 14:57:30,Z183968CF0AD1BA3C3868Z,GROIC Women's Seamless Workout Sets 2 Pieces Outfit High Waist Gym Shorts Sports Bra Activewear Sets for Yoga Workout,GROIC,"5.0
4",4,N,200,54.45,Y,59,"https://www.noon.com/uae-en/women-s-seamless-workout-sets-2-pieces-outfit-high-waist-gym-shorts-sports-bra-activewear-sets-for-yoga-workout/Z183968CF0AD1BA3C3868Z/p/?o=z183968cf0ad1ba3c3868z-1
"
2024-11-15 14:57:30,ZD289F6BF478600EE2058Z,"GROIC Waist Twist Board, Fitness Waist Twist Plate, Body Sculpting Waist Twist Machine Turntable, Aerobic Fitness Equipment, Exercise Balance Board, Abdominal Muscle Training Board, Sports Equipment",GROIC,"3.6
10",10,N,200,53.55,none,60,"https://www.noon.com/uae-en/waist-twist-board-fitness-waist-twist-plate-body-sculpting-waist-twist-machine-turntable-aerobic-fitness-equipment-exercise-balance-board-abdominal-muscle-training-board-sports-equipment/ZD289F6BF478600EE2058Z/p/?o=e937a0f17e237c8e
"
2024-11-15 14:57:30,Z532ED4BF3B873929AEF6Z,Maston Yoga Pilates Ring Fitness Magic Circle Wrap Slimming Body Building Fitness Accessories foamroller,Maston,"5.0
1",1,N,39,34,Y,61,"https://www.noon.com/uae-en/yoga-pilates-ring-fitness-magic-circle-wrap-slimming-body-building-fitness-accessories-foamroller/Z532ED4BF3B873929AEF6Z/p/?o=z532ed4bf3b873929aef6z-1
"
2024-11-15 14:57:30,Z1A4B4937483BD38B3E34Z,"MELA MELA Non-Slip Yoga Mat for Home Gym - 6mm Thick, Eco-Friendly TPE, Cushioned Exercise Mat with Carry Strap - Perfect for Yoga, Pilates, Fitness Training, & Gymnastics Essentials  - Violet",MELA,"5.0
1",1,N,None,119,Y,62,"https://www.noon.com/uae-en/mela-non-slip-yoga-mat-for-home-gym-6mm-thick-eco-friendly-tpe-cushioned-exercise-mat-with-carry-strap-perfect-for-yoga-pilates-fitness-training-gymnastics-essentials-violet/Z1A4B4937483BD38B3E34Z/p/?o=z1a4b4937483bd38b3e34z-1
"
2024-11-15 14:57:30,Z285982C81EF244313110Z,RollsTimi  5pcs Yoga Equipment Set Yoga Ball Exercise Gymnastic Fitness Pilates Ball Exercise Yoga Blocks Resistance Loop Band,RollsTimi,None,None,N,59,45.75,Y,63,"https://www.noon.com/uae-en/5pcs-yoga-equipment-set-yoga-ball-exercise-gymnastic-fitness-pilates-ball-exercise-yoga-blocks-resistance-loop-band/Z285982C81EF244313110Z/p/?o=z285982c81ef244313110z-1
"
2024-11-15 14:57:30,ZE5D7520215AA49D4ED49Z,"TYCOM Tycom Resistance Loop Bands- Resistance Exercise Bands Set Workout Bands Flex bands for Home Fitness, Stretching, Strength Training, Physical Therapy, Yoga",TYCOM,"5.0
1",1,N,49,28.90,Y,64,"https://www.noon.com/uae-en/tycom-resistance-loop-bands-resistance-exercise-bands-set-workout-bands-flex-bands-for-home-fitness-stretching-strength-training-physical-therapy-yoga/ZE5D7520215AA49D4ED49Z/p/?o=ze5d7520215aa49d4ed49z-1
"
2024-11-15 14:57:30,N14082739A,Kanteen Store Portable Pilates Yoga Belt,Kanteen,"4.4
322",322,N,None,45.45,Y,65,"https://www.noon.com/uae-en/portable-pilates-yoga-belt/N14082739A/p/?o=e3cb4bb50a3adedf
"
2024-11-15 14:57:30,Z1FBD93C29A347F11F5E8Z,Gaiam 6Mm Capri Yoga Mat,Gaiam,None,None,N,165,58,none,66,"https://www.noon.com/uae-en/6mm-capri-yoga-mat/Z1FBD93C29A347F11F5E8Z/p/?o=e214f0a740cbfe4f
"
2024-11-15 14:57:30,N16529620A,body heart Yoga Ball With Air Pump - 75 cm 75cm 75cm,body,"4.1
63",63,N,31.60,31.10,N,67,"https://www.noon.com/uae-en/yoga-ball-with-air-pump-75-cm-75cm-75cm/N16529620A/p/?o=e57c75d1edf4e8ab
"
2024-11-15 14:58:15,Z32E095072E29850F373DZ,"Generic Trideer Stretching Strap Yoga Strap Physical Therapy for Home Workout, Exercise, Pilates and Gymnastics, 10 Loops Non-Elastic Stretch Bands with Aesthetic Packaging for Women & Men",Generic,None,None,Y,None,31.95,Y,1,"https://www.noon.com/uae-en/trideer-stretching-strap-yoga-strap-physical-therapy-for-home-workout-exercise-pilates-and-gymnastics-10-loops-non-elastic-stretch-bands-with-aesthetic-packaging-for-women-men/Z32E095072E29850F373DZ/p/?o=z32e095072e29850f373dz-1
"
2024-11-15 14:58:15,Z670288C6FB154958BEEFZ,"HaveDream Women's Yoga Socks, Split-Toe Non-Slip Socks Pilates Socks Five-Toe Sports Socks - Light Green",HaveDream,None,None,Y,36,21,Y,2,"https://www.noon.com/uae-en/women-s-yoga-socks-split-toe-non-slip-socks-pilates-socks-five-toe-sports-socks-light-green/Z670288C6FB154958BEEFZ/p/?o=z670288c6fb154958beefz-1
"
2024-11-15 14:58:15,Z782483A0BC3C5CB0E5B7Z,"HaveDream Women's Yoga Socks, Split Finger Anti-Slip Socks Pilates Socks Five-Toe Sports Socks - Lavender Purple",HaveDream,None,None,Y,28,21,Y,3,"https://www.noon.com/uae-en/women-s-yoga-socks-split-finger-anti-slip-socks-pilates-socks-five-toe-sports-socks-lavender-purple/Z782483A0BC3C5CB0E5B7Z/p/?o=z782483a0bc3c5cb0e5b7z-1
"
2024-11-15 14:58:15,N27330175A,Fitness World Anti-Slip Yoga Mat With Carry Strap,Fitness,"4.1
214",214,N,None,38,Y,4,"https://www.noon.com/uae-en/anti-slip-yoga-mat-with-carry-strap/N27330175A/p/?o=f2f2a89d50d79c1a
"
2024-11-15 14:58:15,Z717157531B847D80D1F9Z,ZCM-HAPPY 2 Piece Set Of Yoga Props Bricks,ZCM-HAPPY,"4.7
7",7,N,None,25,Y,5,"https://www.noon.com/uae-en/2-piece-set-of-yoga-props-bricks/Z717157531B847D80D1F9Z/p/?o=z717157531b847d80d1f9z-1
"
2024-11-15 14:58:15,ZFB2FFE6EB2F73115447DZ,"HaveDream Women's Yoga Socks, Split-Toe Non-Slip Socks Pilates Socks Five-Toe Sports Socks - Sakura Pink",HaveDream,None,None,Y,28,21,Y,6,"https://www.noon.com/uae-en/women-s-yoga-socks-split-toe-non-slip-socks-pilates-socks-five-toe-sports-socks-sakura-pink/ZFB2FFE6EB2F73115447DZ/p/?o=zfb2ffe6eb2f73115447dz-1
"
2024-11-15 14:58:15,Z8F3DCB254E637840C59FZ,VIO Yoga Mat Portable Lightweight Anti Slip Foldable Non Slip Soft Exercise Mat for Pilates Cross Fit Training Dumbbells Gym Workout for Men Women Beginners for Indoor Outdoor Park Balcony Garden,VIO,None,None,Y,39.95,34.95,Y,7,"https://www.noon.com/uae-en/yoga-mat-portable-lightweight-anti-slip-foldable-non-slip-soft-exercise-mat-for-pilates-cross-fit-training-dumbbells-gym-workout-for-men-women-beginners-for-indoor-outdoor-park-balcony-garden/Z8F3DCB254E637840C59FZ/p/?o=z8f3dcb254e637840c59fz-2
"
2024-11-15 14:58:15,Z15D61B8E79FCD0BC2FDCZ,"Teuuea 2 PCS Yoga Cork Block, High Density Non-Slip Natural Cork Yoga Brick, Eco-Friendly Supportive Exercise Accessory, Stability Balance for Yoga Pilates Stretching Toning Workouts, 22.5*14.7*7.5CM",Teuuea,"5.0
1",1,Y,99.95,55.95,Y,8,"https://www.noon.com/uae-en/2-pcs-yoga-cork-block-high-density-non-slip-natural-cork-yoga-brick-eco-friendly-supportive-exercise-accessory-stability-balance-for-yoga-pilates-stretching-toning-workouts-22-5-14-7-7-5cm/Z15D61B8E79FCD0BC2FDCZ/p/?o=z15d61b8e79fcd0bc2fdcz-1
"
2024-11-15 14:58:15,ZE2F44D040EE0D524F04DZ,Generic Pilates Yoga Wedge Massage Correction Yoga Foam Kyphosis Correction Detachable Large Spine Yoga Equipment,Generic,None,None,N,299,269,Y,9,"https://www.noon.com/uae-en/pilates-yoga-wedge-massage-correction-yoga-foam-kyphosis-correction-detachable-large-spine-yoga-equipment/ZE2F44D040EE0D524F04DZ/p/?o=ze2f44d040ee0d524f04dz-1
"
2024-11-15 14:58:15,ZA5E1BC7B9B0386840FA0Z,"BLOOMING TIME 5 Piece Fitness Yoga Mat Set, Home Exercise And Fitness Use, Purple",BLOOMING,None,None,N,80,43.50,Y,10,"https://www.noon.com/uae-en/5-piece-fitness-yoga-mat-set-home-exercise-and-fitness-use-purple/ZA5E1BC7B9B0386840FA0Z/p/?o=za5e1bc7b9b0386840fa0z-1
"
2024-11-15 14:58:15,Z83A582E5DE4F29159F82Z,AXOX Axox Fitness Cork + TPE Yoga Mat,AXOX,None,None,N,None,149,Y,11,"https://www.noon.com/uae-en/axox-fitness-cork-tpe-yoga-mat/Z83A582E5DE4F29159F82Z/p/?o=z83a582e5de4f29159f82z-1
"
2024-11-15 14:58:15,Z52DB1B1C6133E7763739Z,ZCM-HAPPY Yoga Wheel,ZCM-HAPPY,"5.0
1",1,N,None,69,Y,12,"https://www.noon.com/uae-en/yoga-wheel/Z52DB1B1C6133E7763739Z/p/?o=z52db1b1c6133e7763739z-1
"
2024-11-15 14:58:15,Z1271979082008B4FD097Z,"Generic 35-85 LBS Resistance band pull up assist band heavy duty powerlifting exercise stretch bands for powerlifting, muscle toning, yoga, stretch mobility (Purple)",Generic,"4.0
4",4,N,46,41.15,Y,13,"https://www.noon.com/uae-en/35-85-lbs-resistance-band-pull-up-assist-band-heavy-duty-powerlifting-exercise-stretch-bands-for-powerlifting-muscle-toning-yoga-stretch-mobility-purple/Z1271979082008B4FD097Z/p/?o=z1271979082008b4fd097z-1
"
2024-11-15 14:58:15,Z549615CC1C4033D14D98Z,"NNEWVANTE Nnewvante Silk Sleep Mask, 2 Pack 100% Real Natural Pure Silk Eye Mask with Adjustable Strap, Eye Mask for Sleeping, Eye Sleep Shade Cover, Blocks Light Reduces Puffy Eyes Gifts",NNEWVANTE,"4.2
4",4,Y,35.95,23.95,Y,14,"https://www.noon.com/uae-en/nnewvante-silk-sleep-mask-2-pack-100-real-natural-pure-silk-eye-mask-with-adjustable-strap-eye-mask-for-sleeping-eye-sleep-shade-cover-blocks-light-reduces-puffy-eyes-gifts/Z549615CC1C4033D14D98Z/p/?o=z549615cc1c4033d14d98z-1
"
2024-11-15 14:58:15,ZE5D7520215AA49D4ED49Z,"TYCOM Tycom Resistance Loop Bands- Resistance Exercise Bands Set Workout Bands Flex bands for Home Fitness, Stretching, Strength Training, Physical Therapy, Yoga",TYCOM,"5.0
1",1,Y,49,28.90,Y,15,"https://www.noon.com/uae-en/tycom-resistance-loop-bands-resistance-exercise-bands-set-workout-bands-flex-bands-for-home-fitness-stretching-strength-training-physical-therapy-yoga/ZE5D7520215AA49D4ED49Z/p/?o=ze5d7520215aa49d4ed49z-1
"
2024-11-15 14:58:15,N26524961A,Generic 2-Pack Yoga Block Brick Foam Home Exercise Gym Sport Tool 23cm,Generic,"4.4
26",26,N,None,27.85,Y,16,"https://www.noon.com/uae-en/2-pack-yoga-block-brick-foam-home-exercise-gym-sport-tool-23cm/N26524961A/p/?o=e66b1e373681acba
"
2024-11-15 14:58:15,Z2130DCBA24F1310809F6Z,"GROIC Fitness Yoga Mat for Women and Men - Large, 4mm Thick, 68 Inch *24 Inch, Non Slip Exercise Mats w/ 70 Printed Yoga Poses for Pilates, Workout and Stretching - Home and Gym Essentials",GROIC,None,None,N,200,94,Y,17,"https://www.noon.com/uae-en/fitness-yoga-mat-for-women-and-men-large-4mm-thick-68-inch-24-inch-non-slip-exercise-mats-w-70-printed-yoga-poses-for-pilates-workout-and-stretching-home-and-gym-essentials/Z2130DCBA24F1310809F6Z/p/?o=z2130dcba24f1310809f6z-1
"
2024-11-15 14:58:15,N20034894A,Generic Anti-Tear Exercise Mat With Carrying Strap 60x10cm,Generic,"4.2
379",379,N,666,35.45,Y,18,"https://www.noon.com/uae-en/anti-tear-exercise-mat-with-carrying-strap-60x10cm/N20034894A/p/?o=e1ae8e57cd02e6fb
"
2024-11-15 14:58:15,Z12C65981DFBC1E6E6666Z,Generic Pilates Yoga Bed Yoga Studio Pilates Core Bed Pilates Training Bed Strength Adjustment Stainless Steel Yoga Training Bed,Generic,None,None,Y,"2,399","1,865",N,19,"https://www.noon.com/uae-en/pilates-yoga-bed-yoga-studio-pilates-core-bed-pilates-training-bed-strength-adjustment-stainless-steel-yoga-training-bed/Z12C65981DFBC1E6E6666Z/p/?o=z12c65981dfbc1e6e6666z-1
"
2024-11-15 14:58:15,Z3D55030256AC953F0B18Z,"ShebSheb 3 Pairs Pilates Grip Socks for Women,Non Slip Yoga Socks",ShebSheb,"4.9
8",8,N,None,32.90,none,20,"https://www.noon.com/uae-en/3-pairs-pilates-grip-socks-for-women-non-slip-yoga-socks/Z3D55030256AC953F0B18Z/p/?o=f31a8b967639b3bf
"
2024-11-15 14:58:15,Z30096E1655C026E8A081Z,"MELA MELA Non-Slip Yoga Mat for Home Gym - 6mm Thick, Eco-Friendly TPE, Cushioned Exercise Mat with Carry Strap - Perfect for Yoga, Pilates, Fitness Training, & Gymnastics Essentials  - Pink",MELA,"5.0
1",1,N,None,119,Y,21,"https://www.noon.com/uae-en/mela-non-slip-yoga-mat-for-home-gym-6mm-thick-eco-friendly-tpe-cushioned-exercise-mat-with-carry-strap-perfect-for-yoga-pilates-fitness-training-gymnastics-essentials-pink/Z30096E1655C026E8A081Z/p/?o=z30096e1655c026e8a081z-1
"
2024-11-15 14:58:15,Z7E8691095DE12BB03CB8Z,Generic Pilates Yoga Wedge Massage Correction Yoga Foam Kyphosis Correction Detachable Large Spine Yoga Equipment,Generic,None,None,N,299,269,Y,22,"https://www.noon.com/uae-en/pilates-yoga-wedge-massage-correction-yoga-foam-kyphosis-correction-detachable-large-spine-yoga-equipment/Z7E8691095DE12BB03CB8Z/p/?o=z7e8691095de12bb03cb8z-1
"
2024-11-15 14:58:15,Z532ED4BF3B873929AEF6Z,Maston Yoga Pilates Ring Fitness Magic Circle Wrap Slimming Body Building Fitness Accessories foamroller,Maston,"5.0
1",1,Y,39,34,Y,23,"https://www.noon.com/uae-en/yoga-pilates-ring-fitness-magic-circle-wrap-slimming-body-building-fitness-accessories-foamroller/Z532ED4BF3B873929AEF6Z/p/?o=z532ed4bf3b873929aef6z-1
"
2024-11-15 14:58:15,ZFC4F2BC1E9DC7B33305BZ,"Qiccijoo Qiccijoo Ankle Weights Set 1 Pair 4kg(8.8lb) Workout Ankle Weights for Women or Men Wrist Leg Weights for Fitness,Running,Walking,2*2kg(4.4lb) - Blue",Qiccijoo,None,None,Y,None,89,Y,24,"https://www.noon.com/uae-en/qiccijoo-ankle-weights-set-1-pair-4kg-8-8lb-workout-ankle-weights-for-women-or-men-wrist-leg-weights-for-fitness-running-walking-2-2kg-4-4lb-blue/ZFC4F2BC1E9DC7B33305BZ/p/?o=zfc4f2bc1e9dc7b33305bz-1
"
2024-11-15 14:58:15,Z6782E4105E2C54A88AD2Z,"LYNLYN 1.5m Resistance Bands for Yoga, Pilates, Strength Training, Elastic Bands for Flexibility, Rehab, Fitness, Ideal for Men & Women (Green)",LYNLYN,None,None,Y,79,29.90,Y,25,"https://www.noon.com/uae-en/1-5m-resistance-bands-for-yoga-pilates-strength-training-elastic-bands-for-flexibility-rehab-fitness-ideal-for-men-women-green/Z6782E4105E2C54A88AD2Z/p/?o=z6782e4105e2c54a88ad2z-1
"
2024-11-15 14:58:15,N36414250A,Generic 2-Piece Soft And Hard Yoga Foam Roller Set,Generic,"4.5
8",8,N,None,38.95,Y,26,"https://www.noon.com/uae-en/2-piece-soft-and-hard-yoga-foam-roller-set/N36414250A/p/?o=be7d4fff9ebebcce
"
2024-11-15 14:58:15,Z24E1B5B4FDE8BB5C6111Z,"Bernessi 8MM Yoga Mat with Carrying Strap Anti-Slip for Home Workout Exercises Meditation Eco Friendly, Non Skid TPE Yoga Mattres for Pilates 183x61x0.8cm Thick, Pink/Black Color",Bernessi,"4.8
58",58,Y,165,69.90,Y,27,"https://www.noon.com/uae-en/8mm-yoga-mat-with-carrying-strap-anti-slip-for-home-workout-exercises-meditation-eco-friendly-non-skid-tpe-yoga-mattres-for-pilates-183x61x0-8cm-thick-pink-black-color/Z24E1B5B4FDE8BB5C6111Z/p/?o=z24e1b5b4fde8bb5c6111z-1
"
2024-11-15 14:58:15,ZB01B843EC46FF6786BB8Z,Prickly Pear Prickly Pear Currents Non-Slip Suede Top 1mm Travel Yoga Mat - Portable Exercise Mat,Prickly,"4.0
1",1,N,240,128,Y,28,"https://www.noon.com/uae-en/prickly-pear-currents-non-slip-suede-top-1mm-travel-yoga-mat-portable-exercise-mat/ZB01B843EC46FF6786BB8Z/p/?o=zb01b843ec46ff6786bb8z-1
"
2024-11-15 14:58:15,Z3CB10B40E42D51C8C36CZ,Longchamp Longchamp Le Pliage Original Large Burgundy Tote Bag for Women L1899089P87,Longchamp,None,None,N,None,158.90,N,29,"https://www.noon.com/uae-en/longchamp-le-pliage-original-large-burgundy-tote-bag-for-women-l1899089p87/Z3CB10B40E42D51C8C36CZ/p/?o=z3cb10b40e42d51c8c36cz-1
"
2024-11-15 14:58:15,Z3E2E257C831381D4E87DZ,"MahMir Mahmir® EVA Foam Roller for Yoga, Deep Tissue Massage, Stretching, Physical Therapy, Relieve Stress, Improve Mobility with Foam Roller for Legs and Muscles - Deep Tissue Massage Tool (Purple)",MahMir,"4.0
3",3,N,None,29.95,none,30,"https://www.noon.com/uae-en/mahmir-eva-foam-roller-for-yoga-deep-tissue-massage-stretching-physical-therapy-relieve-stress-improve-mobility-with-foam-roller-for-legs-and-muscles-deep-tissue-massage-tool-purple/Z3E2E257C831381D4E87DZ/p/?o=d4079efcfcdd6bfe
"
2024-11-15 14:58:15,Z8DE7372A006C4309D78BZ,LIMOS Sports Yoga Socks for Women Pack Of 3 Pairs,LIMOS,"5.0
11",11,N,None,39,none,31,"https://www.noon.com/uae-en/sports-yoga-socks-for-women-pack-of-3-pairs/Z8DE7372A006C4309D78BZ/p/?o=e7de247caff55d2e
"
2024-11-15 14:58:15,Z1A4B4937483BD38B3E34Z,"MELA MELA Non-Slip Yoga Mat for Home Gym - 6mm Thick, Eco-Friendly TPE, Cushioned Exercise Mat with Carry Strap - Perfect for Yoga, Pilates, Fitness Training, & Gymnastics Essentials  - Violet",MELA,"5.0
1",1,N,None,119,Y,32,"https://www.noon.com/uae-en/mela-non-slip-yoga-mat-for-home-gym-6mm-thick-eco-friendly-tpe-cushioned-exercise-mat-with-carry-strap-perfect-for-yoga-pilates-fitness-training-gymnastics-essentials-violet/Z1A4B4937483BD38B3E34Z/p/?o=z1a4b4937483bd38b3e34z-1
"
2024-11-15 14:58:15,N18842096A,Generic Aerobics Yoga Ball - 55 cm 55cm,Generic,"4.6
102",102,N,None,30.75,N,33,"https://www.noon.com/uae-en/aerobics-yoga-ball-55-cm-55cm/N18842096A/p/?o=d47a843d2e0d162d
"
2024-11-15 14:58:15,Z31FC466FC0B39E7240FCZ,Generic Pilates Yoga Wedge Massage Correction Yoga Foam Kyphosis Correction Detachable Large Spine Yoga Equipment,Generic,None,None,N,299,236.20,Y,34,"https://www.noon.com/uae-en/pilates-yoga-wedge-massage-correction-yoga-foam-kyphosis-correction-detachable-large-spine-yoga-equipment/Z31FC466FC0B39E7240FCZ/p/?o=z31fc466fc0b39e7240fcz-1
"
2024-11-15 14:58:15,ZC4AC12C1B1374B0D96E2Z,Generic Portable Pilates Studio Exercise Stick Kit Yoga Belt，Pilates Bar with Foot Strap for Full Body Workout,Generic,None,None,Y,65,34,Y,35,"https://www.noon.com/uae-en/portable-pilates-studio-exercise-stick-kit-yoga-belt-pilates-bar-with-foot-strap-for-full-body-workout/ZC4AC12C1B1374B0D96E2Z/p/?o=zc4ac12c1b1374b0d96e2z-1
"
2024-11-15 14:58:15,Z5F2BDFDE23DEA06C4939Z,ZCM-HAPPY 2 Piece Yoga Block Props Brick,ZCM-HAPPY,"4.5
4",4,N,None,25,Y,36,"https://www.noon.com/uae-en/2-piece-yoga-block-props-brick/Z5F2BDFDE23DEA06C4939Z/p/?o=z5f2bdfde23dea06c4939z-1
"
2024-11-15 14:58:15,Z81B74583AAC3F321A3C4Z,"OASIS-TH Pilates pose Yoga mat Large size 173 x 61 x 0.6 cm Fitness Yoga Mat   Non Slip Workout Mat for Yoga, Pilates, Fitness, Barefoot Workouts, Home Gym Studio",OASIS-TH,None,None,N,99,49,Y,37,"https://www.noon.com/uae-en/pilates-pose-yoga-mat-large-size-173-x-61-x-0-6-cm-fitness-yoga-mat-non-slip-workout-mat-for-yoga-pilates-fitness-barefoot-workouts-home-gym-studio/Z81B74583AAC3F321A3C4Z/p/?o=z81b74583aac3f321a3c4z-1
"
2024-11-15 14:58:15,N43426676A,Generic Gym Sack Drawstring Backpack Water-Resistant 43x33x1cm 43x33x1cm,Generic,"4.5
57",57,N,None,38.25,Y,38,"https://www.noon.com/uae-en/gym-sack-drawstring-backpack-water-resistant-43x33x1cm-43x33x1cm/N43426676A/p/?o=d3b63e351971122f
"
2024-11-15 14:58:15,ZF12EE3B5F1EF3A193C60Z,"MELA MELA Non-Slip Yoga Mat for Home Gym - 6mm Thick, Eco-Friendly TPE, Cushioned Exercise Mat with Carry Strap - Perfect for Yoga, Pilates, Fitness Training, & Gymnastics Essentials  - Blue",MELA,None,None,N,None,119,Y,39,"https://www.noon.com/uae-en/mela-non-slip-yoga-mat-for-home-gym-6mm-thick-eco-friendly-tpe-cushioned-exercise-mat-with-carry-strap-perfect-for-yoga-pilates-fitness-training-gymnastics-essentials-blue/ZF12EE3B5F1EF3A193C60Z/p/?o=zf12ee3b5f1ef3a193c60z-1
"
2024-11-15 14:58:15,ZD88801EB3DCE9A13E3E1Z,ZCM-HAPPY 2 Piece Yoga Block Props Brick,ZCM-HAPPY,"4.3
6",6,N,None,25,Y,40,"https://www.noon.com/uae-en/2-piece-yoga-block-props-brick/ZD88801EB3DCE9A13E3E1Z/p/?o=zd88801eb3dce9a13e3e1z-1
"
2024-11-15 14:58:15,ZF3ABCFFDDDE3FD60884BZ,Cool Baby Style Pilates Yoga Wedge Massage Correction Foam Kyphosis Correction Yoga Equipment,Cool,None,None,N,329,236.10,Y,41,"https://www.noon.com/uae-en/pilates-yoga-wedge-massage-correction-foam-kyphosis-correction-yoga-equipment/ZF3ABCFFDDDE3FD60884BZ/p/?o=zf3abcffddde3fd60884bz-1
"
2024-11-15 14:58:15,Z2957E07FF69E6F915427Z,"Generic Yoga Resistance Bands for Woman, Fitness Resistance Bands, Elastic Bands for sports and training,Home Gym,5 pcs",Generic,"5.0
1",1,N,45,29,Y,42,"https://www.noon.com/uae-en/yoga-resistance-bands-for-woman-fitness-resistance-bands-elastic-bands-for-sports-and-training-home-gym-5-pcs/Z2957E07FF69E6F915427Z/p/?o=z2957e07ff69e6f915427z-1
"
2024-11-15 14:58:15,ZBB78D5C43CF34B9706F2Z,"FFA SPORTS Fitness for All FFA SPORTS Extra 10mm Thick Exercise Mat Non Slip with Carrying Strap Ideal for Pilates, Yoga and Many Other Home Workouts",FFA,None,None,Y,50,44,Y,43,"https://www.noon.com/uae-en/ffa-sports-extra-10mm-thick-exercise-mat-non-slip-with-carrying-strap-ideal-for-pilates-yoga-and-many-other-home-workouts/ZBB78D5C43CF34B9706F2Z/p/?o=zbb78d5c43cf34b9706f2z-1
"
2024-11-15 14:58:15,Z0A4AFCE1AF3073FD83C2Z,Cool Baby Style Pilates Dirac Loft Bed Yoga Bed Home Commercial Fitness Equipment,Cool,None,None,Y,"5,299","4,781",N,44,"https://www.noon.com/uae-en/pilates-dirac-loft-bed-yoga-bed-home-commercial-fitness-equipment/Z0A4AFCE1AF3073FD83C2Z/p/?o=z0a4afce1af3073fd83c2z-1
"
2024-11-15 14:58:15,ZE302022BCDD355B5D1DFZ,"FFA SPORTS Fitness for All FFA SPORTS Extra 10mm Thick Exercise Mat Non Slip with Carrying Strap Ideal for Pilates, Yoga and Many Other Home Workouts",FFA,None,None,Y,50,44,Y,45,"https://www.noon.com/uae-en/ffa-sports-extra-10mm-thick-exercise-mat-non-slip-with-carrying-strap-ideal-for-pilates-yoga-and-many-other-home-workouts/ZE302022BCDD355B5D1DFZ/p/?o=ze302022bcdd355b5d1dfz-1
"
2024-11-15 14:58:15,Z4426A1D383FB5EEBFA68Z,"Prickly Pear Prickly Pear Grey Rollable Yoga Mat 4mm - Non-Slip Yoga Mat with Strap, Perfect for Stretching and Yoga",Prickly,None,None,N,415,220,Y,46,"https://www.noon.com/uae-en/prickly-pear-grey-rollable-yoga-mat-4mm-non-slip-yoga-mat-with-strap-perfect-for-stretching-and-yoga/Z4426A1D383FB5EEBFA68Z/p/?o=z4426a1d383fb5eebfa68z-1
"
2024-11-15 14:58:15,Z56265BF0F6517B6939B9Z,Reebok Logo Mini Step,Reebok,None,None,N,325,195,Y,47,"https://www.noon.com/uae-en/logo-mini-step/Z56265BF0F6517B6939B9Z/p/?o=z56265bf0f6517b6939b9z-1
"
2024-11-15 14:58:15,Z1B79513C54CCC429A8DDZ,Generic The World's Best Eco Friendly Non Slip Yoga Mat With The ORIGINAL Unique Alignment Marker System Biodegradable Mat Made With Natural Rubber  A Warrior Like Grip 183*68*0.5cm,Generic,None,None,N,128,101.10,Y,48,"https://www.noon.com/uae-en/the-world-s-best-eco-friendly-non-slip-yoga-mat-with-the-original-unique-alignment-marker-system-biodegradable-mat-made-with-natural-rubber-a-warrior-like-grip-183-68-0-5cm/Z1B79513C54CCC429A8DDZ/p/?o=z1b79513c54ccc429a8ddz-1
"
2024-11-15 14:58:15,N43250380A,Rock Pow Acupressure Mat 66 x 42cm,Rock,"4.6
3",3,N,None,48.15,none,49,"https://www.noon.com/uae-en/acupressure-mat-66-x-42cm/N43250380A/p/?o=df61c26ed615462f
"
2024-11-15 14:58:15,ZB7B5E087C36FB93A9951Z,Cool Baby Style Pilates Yoga Wedge Massage Correction Foam Kyphosis Correction Yoga Equipment,Cool,None,None,N,329,256.35,Y,50,"https://www.noon.com/uae-en/pilates-yoga-wedge-massage-correction-foam-kyphosis-correction-yoga-equipment/ZB7B5E087C36FB93A9951Z/p/?o=zb7b5e087c36fb93a9951z-1
"
2024-11-15 14:58:15,Z8BA5031695A316EDF65DZ,"RIOXS Yoga Mat Non Slip Yoga Mat with Strap Included 6mm Thick Exercise Mat Ideal for HiiT, Pilates, Yoga and Many Other Home Workouts with Resistance Bands",RIOXS,"3.6
4",4,N,105,69,Y,51,"https://www.noon.com/uae-en/yoga-mat-non-slip-yoga-mat-with-strap-included-6mm-thick-exercise-mat-ideal-for-hiit-pilates-yoga-and-many-other-home-workouts-with-resistance-bands/Z8BA5031695A316EDF65DZ/p/?o=z8ba5031695a316edf65dz-1
"
2024-11-15 14:58:15,Z636FA29EB7F362A87262Z,Prickly Pear Prickly Pear Terra Non-Slip Suede Top 1mm Travel Yoga Mat - Ideal for On-the-Go Yoga,Prickly,None,None,N,240,128,Y,52,"https://www.noon.com/uae-en/prickly-pear-terra-non-slip-suede-top-1mm-travel-yoga-mat-ideal-for-on-the-go-yoga/Z636FA29EB7F362A87262Z/p/?o=z636fa29eb7f362a87262z-1
"
2024-11-15 14:58:15,Z712491AD789D5E234AE5Z,ZCM-HAPPY 2 Piece Yoga Block Props Brick,ZCM-HAPPY,"5.0
3",3,N,None,25,Y,53,"https://www.noon.com/uae-en/2-piece-yoga-block-props-brick/Z712491AD789D5E234AE5Z/p/?o=z712491ad789d5e234ae5z-1
"
2024-11-15 14:58:15,Z3ECE31D6665E7DFAC159Z,"RIGID FITNESS Thick Yoga Mat 8mm - Knees Supportive Exercise Mat - for Yoga, Pilates, Fitness Exercises and Home Exercise Fitness Mat - Non-Slip Yoga Gym Mat With Carrying Bag - 183*66cm (Green/Black)",RIGID,"4.3
17",17,N,130.25,109.75,Y,54,"https://www.noon.com/uae-en/thick-yoga-mat-8mm-knees-supportive-exercise-mat-for-yoga-pilates-fitness-exercises-and-home-exercise-fitness-mat-non-slip-yoga-gym-mat-with-carrying-bag-183-66cm-green-black/Z3ECE31D6665E7DFAC159Z/p/?o=z3ece31d6665e7dfac159z-1
"
2024-11-15 14:58:15,ZC7C1017CDFCAC890274CZ,MahMir MahMir Yoga Mat Anti-Slip Exercise Mat with Carrying Bag Fitness Mat for Pilates 183CM*61CM*6MM Thickness for Woman Man Beginners  Light Green+Black,MahMir,"4.2
27",27,N,69.95,49.95,N,55,"https://www.noon.com/uae-en/mahmir-yoga-mat-anti-slip-exercise-mat-with-carrying-bag-fitness-mat-for-pilates-183cm-61cm-6mm-thickness-for-woman-man-beginners-light-green-black/ZC7C1017CDFCAC890274CZ/p/?o=zc7c1017cdfcac890274cz-1
"
2024-11-15 14:58:15,ZCDA383E07D4E41E20E4DZ,Prickly Pear Ink Rollable 4mm Non Slip Yoga Mat With Carry Strap/ Stretching Tool,Prickly,None,None,N,330,275,Y,56,"https://www.noon.com/uae-en/ink-rollable-4mm-non-slip-yoga-mat-with-carry-strap-stretching-tool/ZCDA383E07D4E41E20E4DZ/p/?o=zcda383e07d4e41e20e4dz-1
"
2024-11-15 14:58:15,Z5364B7401B46DD83668DZ,Prickly Pear Prickly Pear Daydream Non-Slip Suede Top 1mm Travel Yoga Mat - Portable Yoga Mat for Travel,Prickly,"5.0
1",1,N,240,128,Y,57,"https://www.noon.com/uae-en/prickly-pear-daydream-non-slip-suede-top-1mm-travel-yoga-mat-portable-yoga-mat-for-travel/Z5364B7401B46DD83668DZ/p/?o=z5364b7401b46dd83668dz-1
"
2024-11-15 14:58:15,Z1DFA4CFA53D9F146B56EZ,Adidas Yoga Mat - 8Mm - Trace Blue,Adidas,None,None,N,175,161.55,Y,58,"https://www.noon.com/uae-en/yoga-mat-8mm-trace-blue/Z1DFA4CFA53D9F146B56EZ/p/?o=z1dfa4cfa53d9f146b56ez-1
"
2024-11-15 14:58:15,ZDA130188CA43370D1EDFZ,ZCM-HAPPY 3D Professional Waist Shape Yoga Wheel,ZCM-HAPPY,"5.0
1",1,N,250,69,Y,59,"https://www.noon.com/uae-en/3d-professional-waist-shape-yoga-wheel/ZDA130188CA43370D1EDFZ/p/?o=zda130188ca43370d1edfz-1
"
2024-11-15 14:58:15,ZCBE37221BDED873009B5Z,Prickly Pear Prickly Pear Beige Rollable 4mm Non-Slip Yoga Mat with Carry Strap/Stretching Tool - Premium Exercise Mat,Prickly,None,None,N,415,220,Y,60,"https://www.noon.com/uae-en/prickly-pear-beige-rollable-4mm-non-slip-yoga-mat-with-carry-strap-stretching-tool-premium-exercise-mat/ZCBE37221BDED873009B5Z/p/?o=zcbe37221bded873009b5z-1
"
2024-11-15 14:58:15,Z2E171014EE39E7B9E873Z,Generic Foam Roller Yoga Fitness- Purple,Generic,"4.4
16",16,N,49,39.20,Y,61,"https://www.noon.com/uae-en/foam-roller-yoga-fitness-purple/Z2E171014EE39E7B9E873Z/p/?o=z2e171014ee39e7b9e873z-1
"
2024-11-15 14:58:15,N43426621A,Generic Portable Retractable Stool Outdoor Safe Stable Folding 30x10x5cm,Generic,"3.9
33",33,N,31.85,29.95,Y,62,"https://www.noon.com/uae-en/portable-retractable-stool-outdoor-safe-stable-folding-30x10x5cm/N43426621A/p/?o=e32cf2128f37083e
"
2024-11-15 14:58:15,ZF1300DCCF4F12BE7E5D9Z,"MELA MELA Non-Slip Yoga Mat for Home Gym - 6mm Thick, Eco-Friendly TPE, Cushioned Exercise Mat with Carry Strap - Perfect for Yoga, Pilates, Fitness Training, & Gymnastics Essentials  - Mint",MELA,None,None,N,None,119,Y,63,"https://www.noon.com/uae-en/mela-non-slip-yoga-mat-for-home-gym-6mm-thick-eco-friendly-tpe-cushioned-exercise-mat-with-carry-strap-perfect-for-yoga-pilates-fitness-training-gymnastics-essentials-mint/ZF1300DCCF4F12BE7E5D9Z/p/?o=zf1300dccf4f12be7e5d9z-1
"
2024-11-15 14:58:15,Z54B10CD732976EE884EEZ,"GROIC Yoga Mat Non Slip, Pilates Fitness Mats, Anti-Tear 72""x 31.5"" x 0.6"" Thick Yoga Mats for Women, Exercise Mats for Yoga Pilates Home Floor Workout with Carrying Sling and Storage Bag",GROIC,"4.9
6",6,N,400,123.95,Y,64,"https://www.noon.com/uae-en/yoga-mat-non-slip-pilates-fitness-mats-anti-tear-72-x-31-5-x-0-6-thick-yoga-mats-for-women-exercise-mats-for-yoga-pilates-home-floor-workout-with-carrying-sling-and-storage-bag/Z54B10CD732976EE884EEZ/p/?o=z54b10cd732976ee884eez-1
"
2024-11-15 14:58:15,Z54F6EF27B85F5676B51FZ,Prickly Pear Prickly Pear Oasis Non-Slip Suede Top 1mm Travel Yoga Mat - High-Quality Travel Yoga Mat,Prickly,None,None,N,240,128,Y,65,"https://www.noon.com/uae-en/prickly-pear-oasis-non-slip-suede-top-1mm-travel-yoga-mat-high-quality-travel-yoga-mat/Z54F6EF27B85F5676B51FZ/p/?o=z54f6ef27b85f5676b51fz-1
"
2024-11-15 14:58:15,Z77ADCFB0785D9F108D97Z,Prickly Pear Prickly Pear Wander Print Non-Slip Suede Top 1mm Travel Yoga Mat - Lightweight and Portable,Prickly,None,None,N,240,128,Y,66,"https://www.noon.com/uae-en/prickly-pear-wander-print-non-slip-suede-top-1mm-travel-yoga-mat-lightweight-and-portable/Z77ADCFB0785D9F108D97Z/p/?o=z77adcfb0785d9f108d97z-1
"
2024-11-15 14:58:15,Z6B8EC621F4D1E9C9A4BEZ,"Generic Yoga Mat,Fitness Mat,1PCS Strap,Pilates,183CM * 61CM * 8MM, Green and Gray",Generic,None,None,N,97.70,49,Y,67,"https://www.noon.com/uae-en/yoga-mat-fitness-mat-1pcs-strap-pilates-183cm-61cm-8mm-green-and-gray/Z6B8EC621F4D1E9C9A4BEZ/p/?o=z6b8ec621f4d1e9c9a4bez-1
"
2024-11-15 14:59:05,Z32E095072E29850F373DZ,"Generic Trideer Stretching Strap Yoga Strap Physical Therapy for Home Workout, Exercise, Pilates and Gymnastics, 10 Loops Non-Elastic Stretch Bands with Aesthetic Packaging for Women & Men",Generic,None,None,Y,None,31.95,Y,1,"https://www.noon.com/uae-en/trideer-stretching-strap-yoga-strap-physical-therapy-for-home-workout-exercise-pilates-and-gymnastics-10-loops-non-elastic-stretch-bands-with-aesthetic-packaging-for-women-men/Z32E095072E29850F373DZ/p/?o=z32e095072e29850f373dz-1
"
2024-11-15 14:59:05,Z782483A0BC3C5CB0E5B7Z,"HaveDream Women's Yoga Socks, Split Finger Anti-Slip Socks Pilates Socks Five-Toe Sports Socks - Lavender Purple",HaveDream,None,None,Y,28,21,Y,2,"https://www.noon.com/uae-en/women-s-yoga-socks-split-finger-anti-slip-socks-pilates-socks-five-toe-sports-socks-lavender-purple/Z782483A0BC3C5CB0E5B7Z/p/?o=z782483a0bc3c5cb0e5b7z-1
"
2024-11-15 14:59:05,ZFB2FFE6EB2F73115447DZ,"HaveDream Women's Yoga Socks, Split-Toe Non-Slip Socks Pilates Socks Five-Toe Sports Socks - Sakura Pink",HaveDream,None,None,Y,28,21,Y,3,"https://www.noon.com/uae-en/women-s-yoga-socks-split-toe-non-slip-socks-pilates-socks-five-toe-sports-socks-sakura-pink/ZFB2FFE6EB2F73115447DZ/p/?o=zfb2ffe6eb2f73115447dz-1
"
2024-11-15 14:59:05,Z67D7B1F29368685C277BZ,Adidas Yoga Mat - 8Mm - White,Adidas,None,None,N,175,89,Y,4,"https://www.noon.com/uae-en/yoga-mat-8mm-white/Z67D7B1F29368685C277BZ/p/?o=z67d7b1f29368685c277bz-1
"
2024-11-15 14:59:05,Z51EAC49AD3729065875FZ,BRIGHTLY LABS Resistance Bands Fabric Exercise Bands Non Slip Hip Elastic Bands For Hip Legs Glutes And Thighs Workout Thick Wide Fitness Loop Circle Resistance Bands Set Of 3 Pack Navy,BRIGHTLY,None,None,N,180,99,Y,5,"https://www.noon.com/uae-en/resistance-bands-fabric-exercise-bands-non-slip-hip-elastic-bands-for-hip-legs-glutes-and-thighs-workout-thick-wide-fitness-loop-circle-resistance-bands-set-of-3-pack-navy/Z51EAC49AD3729065875FZ/p/?o=z51eac49ad3729065875fz-1
"
2024-11-15 14:59:05,Z670288C6FB154958BEEFZ,"HaveDream Women's Yoga Socks, Split-Toe Non-Slip Socks Pilates Socks Five-Toe Sports Socks - Light Green",HaveDream,None,None,Y,36,21,Y,6,"https://www.noon.com/uae-en/women-s-yoga-socks-split-toe-non-slip-socks-pilates-socks-five-toe-sports-socks-light-green/Z670288C6FB154958BEEFZ/p/?o=z670288c6fb154958beefz-1
"
2024-11-15 14:59:05,Z8F3DCB254E637840C59FZ,VIO Yoga Mat Portable Lightweight Anti Slip Foldable Non Slip Soft Exercise Mat for Pilates Cross Fit Training Dumbbells Gym Workout for Men Women Beginners for Indoor Outdoor Park Balcony Garden,VIO,None,None,Y,39.95,34.95,Y,7,"https://www.noon.com/uae-en/yoga-mat-portable-lightweight-anti-slip-foldable-non-slip-soft-exercise-mat-for-pilates-cross-fit-training-dumbbells-gym-workout-for-men-women-beginners-for-indoor-outdoor-park-balcony-garden/Z8F3DCB254E637840C59FZ/p/?o=z8f3dcb254e637840c59fz-2
"
2024-11-15 14:59:05,Z15D61B8E79FCD0BC2FDCZ,"Teuuea 2 PCS Yoga Cork Block, High Density Non-Slip Natural Cork Yoga Brick, Eco-Friendly Supportive Exercise Accessory, Stability Balance for Yoga Pilates Stretching Toning Workouts, 22.5*14.7*7.5CM",Teuuea,"5.0
1",1,Y,99.95,55.95,Y,8,"https://www.noon.com/uae-en/2-pcs-yoga-cork-block-high-density-non-slip-natural-cork-yoga-brick-eco-friendly-supportive-exercise-accessory-stability-balance-for-yoga-pilates-stretching-toning-workouts-22-5-14-7-7-5cm/Z15D61B8E79FCD0BC2FDCZ/p/?o=z15d61b8e79fcd0bc2fdcz-1
"
2024-11-15 14:59:05,N42900586A,Adidas Core Rollers 21x14.5x14.5cm,Adidas,"5.0
1",1,N,266,80,Y,9,"https://www.noon.com/uae-en/core-rollers-21x14-5x14-5cm/N42900586A/p/?o=f58a3223e321914a
"
2024-11-15 14:59:05,N36557376A,Generic 5-Piece Yoga Equipment Set,Generic,"3.2
28",28,N,None,41.95,Y,10,"https://www.noon.com/uae-en/5-piece-yoga-equipment-set/N36557376A/p/?o=f50ed903db28ea9f
"
2024-11-15 14:59:05,Z71D2A7D3F17EC01F37A7Z,Generic Pilates Yoga Wedge Massage Correction Yoga Foam Kyphosis Correction Detachable Large Spine Yoga Equipment,Generic,None,None,N,299,239.20,Y,11,"https://www.noon.com/uae-en/pilates-yoga-wedge-massage-correction-yoga-foam-kyphosis-correction-detachable-large-spine-yoga-equipment/Z71D2A7D3F17EC01F37A7Z/p/?o=z71d2a7d3f17ec01f37a7z-1
"
2024-11-15 14:59:05,Z9BE175DFC702F5DF035AZ,Reebok Yoga Mat - 5Mm - Red,Reebok,None,None,N,255,232.20,Y,12,"https://www.noon.com/uae-en/yoga-mat-5mm-red/Z9BE175DFC702F5DF035AZ/p/?o=z9be175dfc702f5df035az-1
"
2024-11-15 14:59:05,Z02FADA4A662FDCFE638DZ,"GROIC 8 Pack Resistance Bands Set, 5 Pcs Resistance Bands with 5 Resistance Levels  and 3 Pcs Elastic Exercise Bands for Workout Strength Training Yoga, Arms, Pilates, Full Body and Shoulders",GROIC,None,None,N,200,50.75,Y,13,"https://www.noon.com/uae-en/8-pack-resistance-bands-set-5-pcs-resistance-bands-with-5-resistance-levels-and-3-pcs-elastic-exercise-bands-for-workout-strength-training-yoga-arms-pilates-full-body-and-shoulders/Z02FADA4A662FDCFE638DZ/p/?o=z02fada4a662fdcfe638dz-1
"
2024-11-15 14:59:05,Z549615CC1C4033D14D98Z,"NNEWVANTE Nnewvante Silk Sleep Mask, 2 Pack 100% Real Natural Pure Silk Eye Mask with Adjustable Strap, Eye Mask for Sleeping, Eye Sleep Shade Cover, Blocks Light Reduces Puffy Eyes Gifts",NNEWVANTE,"4.2
4",4,Y,35.95,23.95,Y,14,"https://www.noon.com/uae-en/nnewvante-silk-sleep-mask-2-pack-100-real-natural-pure-silk-eye-mask-with-adjustable-strap-eye-mask-for-sleeping-eye-sleep-shade-cover-blocks-light-reduces-puffy-eyes-gifts/Z549615CC1C4033D14D98Z/p/?o=z549615cc1c4033d14d98z-1
"
2024-11-15 14:59:05,ZE5D7520215AA49D4ED49Z,"TYCOM Tycom Resistance Loop Bands- Resistance Exercise Bands Set Workout Bands Flex bands for Home Fitness, Stretching, Strength Training, Physical Therapy, Yoga",TYCOM,"5.0
1",1,Y,49,28.90,Y,15,"https://www.noon.com/uae-en/tycom-resistance-loop-bands-resistance-exercise-bands-set-workout-bands-flex-bands-for-home-fitness-stretching-strength-training-physical-therapy-yoga/ZE5D7520215AA49D4ED49Z/p/?o=ze5d7520215aa49d4ed49z-1
"
2024-11-15 14:59:05,N22816278A,Generic Gym Exercise Swiss Fitness Pregnancy Birthing Injury Sciatica Yoga Ball,Generic,"4.2
152",152,N,26,23.30,N,16,"https://www.noon.com/uae-en/gym-exercise-swiss-fitness-pregnancy-birthing-injury-sciatica-yoga-ball/N22816278A/p/?o=df921fa66c4ad22c
"
2024-11-15 14:59:05,Z0045E32603C38C794F7FZ,Prickly Pear Prickly Pear Power Non Slip Suede Top 1mm Travel Yoga Mat - Ultra Thin Lightweight Foldable Mat with Superior Grip and Stability for Yoga Pilates and Outdoor Practice,Prickly,"5.0
1",1,N,240,128,Y,17,"https://www.noon.com/uae-en/prickly-pear-power-non-slip-suede-top-1mm-travel-yoga-mat-ultra-thin-lightweight-foldable-mat-with-superior-grip-and-stability-for-yoga-pilates-and-outdoor-practice/Z0045E32603C38C794F7FZ/p/?o=z0045e32603c38c794f7fz-1
"
2024-11-15 14:59:05,ZEA24FB40EFA91537125FZ,Adidas Fitness Mat - 10Mm - Solar Red,Adidas,None,None,N,195,99,Y,18,"https://www.noon.com/uae-en/fitness-mat-10mm-solar-red/ZEA24FB40EFA91537125FZ/p/?o=zea24fb40efa91537125fz-1
"
2024-11-15 14:59:05,Z12C65981DFBC1E6E6666Z,Generic Pilates Yoga Bed Yoga Studio Pilates Core Bed Pilates Training Bed Strength Adjustment Stainless Steel Yoga Training Bed,Generic,None,None,Y,"2,399","1,865",N,19,"https://www.noon.com/uae-en/pilates-yoga-bed-yoga-studio-pilates-core-bed-pilates-training-bed-strength-adjustment-stainless-steel-yoga-training-bed/Z12C65981DFBC1E6E6666Z/p/?o=z12c65981dfbc1e6e6666z-1
"
2024-11-15 14:59:05,Z0BE1273B62F7A1459A39Z,Adidas Yoga Mat - 8Mm - Black,Adidas,None,None,N,175,161.55,Y,20,"https://www.noon.com/uae-en/yoga-mat-8mm-black/Z0BE1273B62F7A1459A39Z/p/?o=z0be1273b62f7a1459a39z-1
"
2024-11-15 14:59:05,ZC4AC12C1B1374B0D96E2Z,Generic Portable Pilates Studio Exercise Stick Kit Yoga Belt，Pilates Bar with Foot Strap for Full Body Workout,Generic,None,None,N,65,34,Y,21,"https://www.noon.com/uae-en/portable-pilates-studio-exercise-stick-kit-yoga-belt-pilates-bar-with-foot-strap-for-full-body-workout/ZC4AC12C1B1374B0D96E2Z/p/?o=zc4ac12c1b1374b0d96e2z-1
"
2024-11-15 14:59:05,Z788232ABE3508B6DF27EZ,ZCM-HAPPY 2 Piece Yoga Block Props Brick,ZCM-HAPPY,"4.3
4",4,N,None,25,Y,22,"https://www.noon.com/uae-en/2-piece-yoga-block-props-brick/Z788232ABE3508B6DF27EZ/p/?o=z788232abe3508b6df27ez-1
"
2024-11-15 14:59:05,Z532ED4BF3B873929AEF6Z,Maston Yoga Pilates Ring Fitness Magic Circle Wrap Slimming Body Building Fitness Accessories foamroller,Maston,"5.0
1",1,Y,39,34,Y,23,"https://www.noon.com/uae-en/yoga-pilates-ring-fitness-magic-circle-wrap-slimming-body-building-fitness-accessories-foamroller/Z532ED4BF3B873929AEF6Z/p/?o=z532ed4bf3b873929aef6z-1
"
2024-11-15 14:59:05,ZFC4F2BC1E9DC7B33305BZ,"Qiccijoo Qiccijoo Ankle Weights Set 1 Pair 4kg(8.8lb) Workout Ankle Weights for Women or Men Wrist Leg Weights for Fitness,Running,Walking,2*2kg(4.4lb) - Blue",Qiccijoo,None,None,Y,None,89,Y,24,"https://www.noon.com/uae-en/qiccijoo-ankle-weights-set-1-pair-4kg-8-8lb-workout-ankle-weights-for-women-or-men-wrist-leg-weights-for-fitness-running-walking-2-2kg-4-4lb-blue/ZFC4F2BC1E9DC7B33305BZ/p/?o=zfc4f2bc1e9dc7b33305bz-1
"
2024-11-15 14:59:05,Z6782E4105E2C54A88AD2Z,"LYNLYN 1.5m Resistance Bands for Yoga, Pilates, Strength Training, Elastic Bands for Flexibility, Rehab, Fitness, Ideal for Men & Women (Green)",LYNLYN,None,None,Y,79,29.90,Y,25,"https://www.noon.com/uae-en/1-5m-resistance-bands-for-yoga-pilates-strength-training-elastic-bands-for-flexibility-rehab-fitness-ideal-for-men-women-green/Z6782E4105E2C54A88AD2Z/p/?o=z6782e4105e2c54a88ad2z-1
"
2024-11-15 14:59:05,N16543648A,Generic Yoga Fitness Exercise Ball With Air Pump 65cm 65cm,Generic,"4.4
592",592,N,40,29.70,N,26,"https://www.noon.com/uae-en/yoga-fitness-exercise-ball-with-air-pump-65cm-65cm/N16543648A/p/?o=a8f6f808497ac5cf
"
2024-11-15 14:59:05,Z24E1B5B4FDE8BB5C6111Z,"Bernessi 8MM Yoga Mat with Carrying Strap Anti-Slip for Home Workout Exercises Meditation Eco Friendly, Non Skid TPE Yoga Mattres for Pilates 183x61x0.8cm Thick, Pink/Black Color",Bernessi,"4.8
58",58,Y,165,69.90,Y,27,"https://www.noon.com/uae-en/8mm-yoga-mat-with-carrying-strap-anti-slip-for-home-workout-exercises-meditation-eco-friendly-non-skid-tpe-yoga-mattres-for-pilates-183x61x0-8cm-thick-pink-black-color/Z24E1B5B4FDE8BB5C6111Z/p/?o=z24e1b5b4fde8bb5c6111z-1
"
2024-11-15 14:59:05,ZB2C8F7E9CFFE572D7FEDZ,"Generic 50-125 Lbs Resistance Band Pull up Assist Band Heavy Duty Powerlifting Exercise Stretch Bands for Powerlifting, Muscle Toning, Yoga, Stretch Mobility (Green)",Generic,"4.3
6",6,N,50,48,Y,28,"https://www.noon.com/uae-en/50-125-lbs-resistance-band-pull-up-assist-band-heavy-duty-powerlifting-exercise-stretch-bands-for-powerlifting-muscle-toning-yoga-stretch-mobility-green/ZB2C8F7E9CFFE572D7FEDZ/p/?o=zb2c8f7e9cffe572d7fedz-1
"
2024-11-15 14:59:05,ZD83EBC9E3D4EE9CB4D0DZ,"YOMA Purple Foam Roller for Deep Tissue Massage and Muscle Recovery, Stretching, Physical Therapy, Relieve Stress, Improve Mobility with Foam Roller for Legs and Muscle",YOMA,"5.0
2",2,N,50,25,Y,29,"https://www.noon.com/uae-en/purple-foam-roller-for-deep-tissue-massage-and-muscle-recovery-stretching-physical-therapy-relieve-stress-improve-mobility-with-foam-roller-for-legs-and-muscle/ZD83EBC9E3D4EE9CB4D0DZ/p/?o=zd83ebc9e3d4ee9cb4d0dz-1
"
2024-11-15 14:59:05,ZA1CF9A49283CAAE5B483Z,Rubik Foam Roller for Muscles High Density for Physical Therapy Exercise Deep Tissue Muscle Massage of The Back & Leg Muscles Workout Program,Rubik,None,None,N,99,79,Y,30,"https://www.noon.com/uae-en/foam-roller-for-muscles-high-density-for-physical-therapy-exercise-deep-tissue-muscle-massage-of-the-back-leg-muscles-workout-program/ZA1CF9A49283CAAE5B483Z/p/?o=za1cf9a49283caae5b483z-1
"
2024-11-15 14:59:05,N39265708A,SKY-TOUCH 5-In-1 Fitness Foam Roller Set 50cm,SKY-TOUCH,"4.8
32",32,N,None,65.60,N,31,"https://www.noon.com/uae-en/5-in-1-fitness-foam-roller-set-50cm/N39265708A/p/?o=c585034a2310b47c
"
2024-11-15 14:59:05,Z634286BF59AE3C73E2C5Z,RIOXS 8 Pairs Non Slip Skid Yoga Pilates Socks for Women and Men Breathable Sports Socks for Yoga Barre Pilates Home Workout,RIOXS,"5.0
3",3,N,69,49,Y,32,"https://www.noon.com/uae-en/8-pairs-non-slip-skid-yoga-pilates-socks-for-women-and-men-breathable-sports-socks-for-yoga-barre-pilates-home-workout/Z634286BF59AE3C73E2C5Z/p/?o=z634286bf59ae3c73e2c5z-1
"
2024-11-15 14:59:05,Z549615CC1C4033D14D98Z,"NNEWVANTE Nnewvante Silk Sleep Mask, 2 Pack 100% Real Natural Pure Silk Eye Mask with Adjustable Strap, Eye Mask for Sleeping, Eye Sleep Shade Cover, Blocks Light Reduces Puffy Eyes Gifts",NNEWVANTE,"4.2
4",4,N,35.95,23.95,Y,33,"https://www.noon.com/uae-en/nnewvante-silk-sleep-mask-2-pack-100-real-natural-pure-silk-eye-mask-with-adjustable-strap-eye-mask-for-sleeping-eye-sleep-shade-cover-blocks-light-reduces-puffy-eyes-gifts/Z549615CC1C4033D14D98Z/p/?o=z549615cc1c4033d14d98z-1
"
2024-11-15 14:59:05,N26672267A,Bluelans Women Sport Pilates Yoga Non Slip Grip Socks,Bluelans,"4.4
35",35,N,None,25,Y,34,"https://www.noon.com/uae-en/women-sport-pilates-yoga-non-slip-grip-socks/N26672267A/p/?o=dd456edd161415ce
"
2024-11-15 14:59:05,ZC4AC12C1B1374B0D96E2Z,Generic Portable Pilates Studio Exercise Stick Kit Yoga Belt，Pilates Bar with Foot Strap for Full Body Workout,Generic,None,None,Y,65,34,Y,35,"https://www.noon.com/uae-en/portable-pilates-studio-exercise-stick-kit-yoga-belt-pilates-bar-with-foot-strap-for-full-body-workout/ZC4AC12C1B1374B0D96E2Z/p/?o=zc4ac12c1b1374b0d96e2z-1
"
2024-11-15 14:59:05,Z532ED4BF3B873929AEF6Z,Maston Yoga Pilates Ring Fitness Magic Circle Wrap Slimming Body Building Fitness Accessories foamroller,Maston,"5.0
1",1,N,39,34,Y,36,"https://www.noon.com/uae-en/yoga-pilates-ring-fitness-magic-circle-wrap-slimming-body-building-fitness-accessories-foamroller/Z532ED4BF3B873929AEF6Z/p/?o=z532ed4bf3b873929aef6z-1
"
2024-11-15 14:59:05,N27330532A,Fitness World Yoga Mat 1meter,Fitness,"4.4
88",88,N,39.75,31.80,Y,37,"https://www.noon.com/uae-en/yoga-mat-1meter/N27330532A/p/?o=b9b77fe99f710c6e
"
2024-11-15 14:59:05,N15686965A,QiaoKai Yoga Foam Roller,QiaoKai,"3.8
12",12,N,None,45.40,Y,38,"https://www.noon.com/uae-en/yoga-foam-roller/N15686965A/p/?o=d6245c94364c6c3c
"
2024-11-15 14:59:05,Z9C75D35D60469B5470B1Z,"Generic Punching Bag Fitness Boxing Equipment Relaxation Relief Sandbags Training Equipment For Adult Children Boxing Gym Equipment (Color : Black, Size : 180Cm)",Generic,"5.0
1",1,N,750,600,Y,39,"https://www.noon.com/uae-en/punching-bag-fitness-boxing-equipment-relaxation-relief-sandbags-training-equipment-for-adult-children-boxing-gym-equipment-color-black-size-180cm/Z9C75D35D60469B5470B1Z/p/?o=z9c75d35d60469b5470b1z-1
"
2024-11-15 14:59:05,Z1A0EB1E6C4C1E349C57CZ,RIOXS 2 Pair Sandbag for Leg Weights and Wrist Weights with Adjustable Strap for Fitness Resistance Training Running Training Exercise Gym Running SandBag,RIOXS,"5.0
2",2,N,None,55,none,40,"https://www.noon.com/uae-en/2-pair-sandbag-for-leg-weights-and-wrist-weights-with-adjustable-strap-for-fitness-resistance-training-running-training-exercise-gym-running-sandbag/Z1A0EB1E6C4C1E349C57CZ/p/?o=d843439836bf58ba
"
2024-11-15 14:59:05,Z4247101839A17521A8B9Z,"Spall Yoga Mat Non Slip,Yoga Mat with Strap Included 10mm Thick Exercise Mat Yoga and Many Other Home Workouts",Spall,"5.0
4",4,N,80,42,Y,41,"https://www.noon.com/uae-en/yoga-mat-non-slip-yoga-mat-with-strap-included-10mm-thick-exercise-mat-yoga-and-many-other-home-workouts/Z4247101839A17521A8B9Z/p/?o=z4247101839a17521a8b9z-1
"
2024-11-15 14:59:05,Z2B5045D950DFD7AE4E59Z,"RIGID FITNESS 6mm Anti-Slip TPE Yoga Mat with Strap, Bag - Knee Support, Non-Slip, Lightweight for Yoga, Pilates, Fitness, Home Workouts 183*66 cm (Pink/Black)",RIGID,"4.6
23",23,N,89.95,79.75,Y,42,"https://www.noon.com/uae-en/6mm-anti-slip-tpe-yoga-mat-with-strap-bag-knee-support-non-slip-lightweight-for-yoga-pilates-fitness-home-workouts-183-66-cm-pink-black/Z2B5045D950DFD7AE4E59Z/p/?o=z2b5045d950dfd7ae4e59z-1
"
2024-11-15 14:59:05,ZBB78D5C43CF34B9706F2Z,"FFA SPORTS Fitness for All FFA SPORTS Extra 10mm Thick Exercise Mat Non Slip with Carrying Strap Ideal for Pilates, Yoga and Many Other Home Workouts",FFA,None,None,Y,50,44,Y,43,"https://www.noon.com/uae-en/ffa-sports-extra-10mm-thick-exercise-mat-non-slip-with-carrying-strap-ideal-for-pilates-yoga-and-many-other-home-workouts/ZBB78D5C43CF34B9706F2Z/p/?o=zbb78d5c43cf34b9706f2z-1
"
2024-11-15 14:59:05,Z0A4AFCE1AF3073FD83C2Z,Cool Baby Style Pilates Dirac Loft Bed Yoga Bed Home Commercial Fitness Equipment,Cool,None,None,Y,"5,299","4,781",N,44,"https://www.noon.com/uae-en/pilates-dirac-loft-bed-yoga-bed-home-commercial-fitness-equipment/Z0A4AFCE1AF3073FD83C2Z/p/?o=z0a4afce1af3073fd83c2z-1
"
2024-11-15 14:59:05,ZE302022BCDD355B5D1DFZ,"FFA SPORTS Fitness for All FFA SPORTS Extra 10mm Thick Exercise Mat Non Slip with Carrying Strap Ideal for Pilates, Yoga and Many Other Home Workouts",FFA,None,None,Y,50,44,Y,45,"https://www.noon.com/uae-en/ffa-sports-extra-10mm-thick-exercise-mat-non-slip-with-carrying-strap-ideal-for-pilates-yoga-and-many-other-home-workouts/ZE302022BCDD355B5D1DFZ/p/?o=ze302022bcdd355b5d1dfz-1
"
2024-11-15 14:59:05,Z6FC94A5DBD1A7D980F19Z,MahMir MahMir Yoga Mat Anti-Slip Exercise Mat with Carrying Bag Fitness Mat for Pilates 183CM*61CM*6MM Thickness for Woman Man Beginners (Dark Blue + Light Blue),MahMir,"4.4
24",24,N,69.95,49,Y,46,"https://www.noon.com/uae-en/mahmir-yoga-mat-anti-slip-exercise-mat-with-carrying-bag-fitness-mat-for-pilates-183cm-61cm-6mm-thickness-for-woman-man-beginners-dark-blue-light-blue/Z6FC94A5DBD1A7D980F19Z/p/?o=z6fc94a5dbd1a7d980f19z-1
"
2024-11-15 14:59:05,Z3F95B162CE89D5F0E378Z,"GROIC Yoga Mat, Extra Wide 72""x 31.5"" x 0.24"" Pilates Fitness Mats with Alignment Marks, Non Slip Fitness Yoga Mats, Exercise Mats for Yoga Pilates Home Floor Workout with Carrying Sling and Storage Bag",GROIC,None,None,N,250,123.40,Y,47,"https://www.noon.com/uae-en/yoga-mat-extra-wide-72-x-31-5-x-0-24-pilates-fitness-mats-with-alignment-marks-non-slip-fitness-yoga-mats-exercise-mats-for-yoga-pilates-home-floor-workout-with-carrying-sling-and-storage-bag/Z3F95B162CE89D5F0E378Z/p/?o=z3f95b162ce89d5f0e378z-1
"
2024-11-15 14:59:05,N16273364A,Emfil Yoga Mat Blue 62.6cm 62.6cm,Emfil,"4.5
362",362,N,40,36.90,Y,48,"https://www.noon.com/uae-en/yoga-mat-blue-62-6cm-62-6cm/N16273364A/p/?o=f1c2f07384046eef
"
2024-11-15 14:59:05,N15686964A,QiaoKai Pilates And Yoga Rubber Resistance Band,QiaoKai,"3.7
50",50,N,None,18.80,Y,49,"https://www.noon.com/uae-en/pilates-and-yoga-rubber-resistance-band/N15686964A/p/?o=fab8abbb78d9beab
"
2024-11-15 14:59:05,Z40452B9643F74713516FZ,"GROIC Yoga Mat, Extra Wide 72.8""x 31.5"" x 0.24"" Pilates Fitness Mats with Alignment Marks, Non Slip Fitness Yoga Mats, Exercise Mats for Yoga Pilates Home Floor Workout with Carrying Sling and Storage Bag",GROIC,None,None,N,250,118.50,Y,50,"https://www.noon.com/uae-en/yoga-mat-extra-wide-72-8-x-31-5-x-0-24-pilates-fitness-mats-with-alignment-marks-non-slip-fitness-yoga-mats-exercise-mats-for-yoga-pilates-home-floor-workout-with-carrying-sling-and-storage-bag/Z40452B9643F74713516FZ/p/?o=z40452b9643f74713516fz-1
"
2024-11-15 14:59:05,ZC412DDC0AFE482C68F9DZ,Reebok Double Sided 6MM Yoga Mat,Reebok,None,None,N,131,73,Y,51,"https://www.noon.com/uae-en/double-sided-6mm-yoga-mat/ZC412DDC0AFE482C68F9DZ/p/?o=zc412ddc0afe482c68f9dz-1
"
2024-11-15 14:59:05,N22874615A,Generic Multifunctional Yoga Pilates Resistance Rope,Generic,"4.8
8",8,N,None,23,Y,52,"https://www.noon.com/uae-en/multifunctional-yoga-pilates-resistance-rope/N22874615A/p/?o=d3d9150d17c0862a
"
2024-11-15 14:59:05,Z3B74851583CB5628BF06Z,"umbro Strength Training 2 Kg Kettlebells Weightlifting, Grey",umbro,None,None,N,96,63.95,Y,53,"https://www.noon.com/uae-en/strength-training-2-kg-kettlebells-weightlifting-grey/Z3B74851583CB5628BF06Z/p/?o=z3b74851583cb5628bf06z-1
"
2024-11-15 14:59:05,Z285982C81EF244313110Z,RollsTimi  5pcs Yoga Equipment Set Yoga Ball Exercise Gymnastic Fitness Pilates Ball Exercise Yoga Blocks Resistance Loop Band,RollsTimi,None,None,N,59,45.75,Y,54,"https://www.noon.com/uae-en/5pcs-yoga-equipment-set-yoga-ball-exercise-gymnastic-fitness-pilates-ball-exercise-yoga-blocks-resistance-loop-band/Z285982C81EF244313110Z/p/?o=z285982c81ef244313110z-1
"
2024-11-15 14:59:05,Z5A00200A1A8412A43DDCZ,Gaiam 4Mm Yoga Mat,Gaiam,"5.0
1",1,N,125,34,Y,55,"https://www.noon.com/uae-en/4mm-yoga-mat/Z5A00200A1A8412A43DDCZ/p/?o=z5a00200a1a8412a43ddcz-1
"
2024-11-15 14:59:05,Z4930541339681E5E710EZ,Anmi Wellness Pull Rope Obstruction BandBe Suitable For Yoga Exercise Pilates Fitness Training (11 Pieces),Anmi,None,None,N,98,27.40,Y,56,"https://www.noon.com/uae-en/wellness-pull-rope-obstruction-bandbe-suitable-for-yoga-exercise-pilates-fitness-training-11-pieces/Z4930541339681E5E710EZ/p/?o=z4930541339681e5e710ez-1
"
2024-11-15 14:59:05,Z183968CF0AD1BA3C3868Z,GROIC Women's Seamless Workout Sets 2 Pieces Outfit High Waist Gym Shorts Sports Bra Activewear Sets for Yoga Workout,GROIC,"5.0
4",4,N,200,54.45,Y,57,"https://www.noon.com/uae-en/women-s-seamless-workout-sets-2-pieces-outfit-high-waist-gym-shorts-sports-bra-activewear-sets-for-yoga-workout/Z183968CF0AD1BA3C3868Z/p/?o=z183968cf0ad1ba3c3868z-1
"
2024-11-15 14:59:05,N39802894A,Kanteen Store Anti-Burst Yoga Ball With Hand Pump 75cm,Kanteen,"4.2
15",15,N,160,48.95,Y,58,"https://www.noon.com/uae-en/anti-burst-yoga-ball-with-hand-pump-75cm/N39802894A/p/?o=bb790ca16230a70f
"
2024-11-15 14:59:05,Z8AA76A37502FFA504022Z,"RIOXS Sit-up Bar With Yoga Mat,Adjustable Push-up Bar With Non-slip Mat For Yoga Pilates Fitness,Portable Sit-up Equipment,Multifunction Abdominal Exercise,Floor Mounted Sit Up Device",RIOXS,None,None,N,95,64.80,Y,59,"https://www.noon.com/uae-en/sit-up-bar-with-yoga-mat-adjustable-push-up-bar-with-non-slip-mat-for-yoga-pilates-fitness-portable-sit-up-equipment-multifunction-abdominal-exercise-floor-mounted-sit-up-device/Z8AA76A37502FFA504022Z/p/?o=z8aa76a37502ffa504022z-1
"
2024-11-15 14:59:05,ZFC6410827ACE4503A666Z,BORTONY Everyday Essentials Extra Thick High-Density Anti-Tear Exercise Yoga Mat with Carrying Strap,BORTONY,None,None,N,None,45,Y,60,"https://www.noon.com/uae-en/everyday-essentials-extra-thick-high-density-anti-tear-exercise-yoga-mat-with-carrying-strap/ZFC6410827ACE4503A666Z/p/?o=zfc6410827ace4503a666z-1
"
2024-11-15 14:59:05,ZF098AC350172402D4A04Z,"GROIC 2 PCs Cooling Towels Outdoors Sports Breathable Towel Workout,  Quick-Drying Sports Towel for Gym, Fitness, Golf, Yoga, Camping, Hiking, Travel, Outdoor Activities,30*100 CM",GROIC,"3.7
3",3,N,200,55.65,Y,61,"https://www.noon.com/uae-en/2-pcs-cooling-towels-outdoors-sports-breathable-towel-workout-quick-drying-sports-towel-for-gym-fitness-golf-yoga-camping-hiking-travel-outdoor-activities-30-100-cm/ZF098AC350172402D4A04Z/p/?o=zf098ac350172402d4a04z-1
"
2024-11-15 14:59:05,ZD0F9EADF94C847916735Z,"Generic Pilates Ring, Magic Circle Pilates Ring 35.5CM For Thigh Exercise, Home Pilates Equipment For Women, Pilates Ring Gym Equipment Thigh Master",Generic,None,None,N,80,64,Y,62,"https://www.noon.com/uae-en/pilates-ring-magic-circle-pilates-ring-35-5cm-for-thigh-exercise-home-pilates-equipment-for-women-pilates-ring-gym-equipment-thigh-master/ZD0F9EADF94C847916735Z/p/?o=zd0f9eadf94c847916735z-1
"
2024-11-15 14:59:05,Z07636371645FF3844EEAZ,Made2Motivate Sensory Compression Swing for Kids with Special Needs | Sensory Compression Swing - A Therapeutic and Calming Solution for Sensory Processing Disorder,Made2Motivate,None,None,N,None,250,Y,63,"https://www.noon.com/uae-en/sensory-compression-swing-for-kids-with-special-needs-sensory-compression-swing-a-therapeutic-and-calming-solution-for-sensory-processing-disorder/Z07636371645FF3844EEAZ/p/?o=z07636371645ff3844eeaz-1
"
2024-11-15 14:59:05,ZF505C31DB617F88976EAZ,Generic Yoga Strap,Generic,"5.0
3",3,N,None,25.95,Y,64,"https://www.noon.com/uae-en/yoga-strap/ZF505C31DB617F88976EAZ/p/?o=zf505c31db617f88976eaz-1
"
2024-11-15 14:59:05,N16529622A,body heart Yoga Ball With Air Pump - 75 cm 75cm 75cm,body,"4.2
159",159,N,None,38.10,none,65,"https://www.noon.com/uae-en/yoga-ball-with-air-pump-75-cm-75cm-75cm/N16529622A/p/?o=d15b61db501d74ba
"
2024-11-15 14:59:05,N14082692A,Generic Pilates Yoga Stretch Resistance Band,Generic,"4.4
111",111,N,None,18,Y,66,"https://www.noon.com/uae-en/pilates-yoga-stretch-resistance-band/N14082692A/p/?o=befba396496357ac
"
